Location,County,River,Attested,Built_by,Place_name,Pn_element,Harrison,Jervoise,Other_ref,Notes,Easting,Northing
?Brockbridge,Ha,Meon,1280,1280,pontem de Bradebrigge inter Menestok' et Drokenesford,brycg,,,"HaPNs, 46","Location of Brockbridge certain, but whether this was the 'Bradebrigge' uncertain.",461131,118831
abbotesbrige,Li,?minor,c. 1290,1290,"abbotesbrige, abbotisbrig",brycg/bryggja,,,"PNLi ii, 218","Newsham Abbey had holdings in the parish (PNLi ii, 218).",510403,411384
Abingdon,Be,Ock,by 1101,1101,,,,"S, 07",,,448836,196914
Acorne Bridge [lost],Ha,?Test or Itchen,1227,1227,(a) ponte Achardi,brycg,,,"HaPNs, 44","HaPNs notes 'Robert Achard', a juror in 1248, and suggests the name was of French origin, or less likely OE ?cheard.",442148,111844
Agbrigg (Wapentake),YoW,Oakenshaw Beck,1086,1086,"Agebrvge, Hagebrige Wapentac",brycg,,,"PNYoW ii, 99 and 117; EHNs iii, 25","The bridge was the meeting place of the wapentake; in 1286 (YI) an inquisition and in 1324 an execution was held there (PNYoW). The bridge crossed a stream called 'Aggebriggebrook' (also known as Oakenshaw Beck), an alternative name for the settlement.",434940,419264
Aldreth,Ca,Old West River (Great Ouse),11thC,1099,,,24,"E, 103",,Possibly a causeway.,550160,272166
Aloesbridge Hundred,Ke,?minor,1086,1086,"Adilovtesbrige, Adelovesbrige",brycg,,,"Cullen 1997, 256; KePNs, 476",Meeting place not known (KePNs; Cullen).,593796,132026
Arthingworth,Np,Ise,12thC,1150,,,,"E, 73",,,475258,281170
Atcham,Sh,Severn,by 1221,1221,,,23,"W, 137",,,354037,309328
Athelney,So,Tone,reign of King Alfred,900,,,42,"S, 97",,,334690,129063
Attlebridge,Nf,Wensum,11thC,1086,"Atebruge. Atlebruge, Attebruge",brycg,25,"E, 119",CDEPN 26; DEPN 18,,612814,316736
Axbridge,So,Axe,914?19,919,"(to) oxenebrege, -b'igge, (to) axanbrycge",brycg,,,"CDEPN, 8; DEPN, 20; Mills, 26; Haslam 2014, 56-57","Axbridge is now a far from the Axe and the bridge may be a causeway crossing the Axe levels; the River Brue previously flowed to join with the Axe east of Axbridge, making the crossing point more strategically important than it now appears (Haslam 2014).",342901,154137
Aylofbrigge,Li,?Laceby Beck,1240?53,1253,"Aylofbrigge, Nylofbrigge",brycg/bryggja,,,"PNLi v, 134",,521411,406447
Baltonsborough,So,Brue,by 998,998,,,,"S, 106?07",,,353347,134588
Bath,So,Avon,1250s,1250,,,,"S, 122",,,375048,164340
Bedford,Bd,Great Ouse,1179x94,1194,,,24,"E, 90?91",,,505075,249574
Bellingham,Nb,North Tyne,12thC,1199,,,60,"N, 15",,,383399,583238
Bembridge [Wt],Wt,Yar,1316,1316,"Bynnebrygg, Cf. infra pontem",brycg,,,"WtPNs, 27; WtK?, 34-35 and 62; CDEPN, 50; DEPN, 37"," A late name.  Bembridge is situated on a peninsula linked by a bridge at Yarbridge built c. 1300 (WtPNs). (Yarbridge was 'Yarnbrigge' 1462, and 'Yarneford' 1324; WtK?.) Probably known as 'Orham' in 1086 (WtPNs; see below).",460631,86326
Bernardesbridge,Li,Waddingham Beck,1212,1212,Bernardesbridge,brycg/bryggja,,,"PNLi vi, 116","17th c. forms 'Borna brigghill' and 'Bornabrigg Hill' may be later reflexes of the name, but the development is unusual (PNLi).",498324,396262
Berwick,Nb,Tweed,by 1199,1199,,,83,"N, 2",,Earlier bridge destroyed 1199.,399498,652738
Bevern Bridge,Sx,Bevern,1087?1100,1100,pontem de Beuehorn,pons,,,"PNSx, 297",First element a place-name 'Beofanhorn' 'Beofa's corner of land' (PNSx). Bevern now the stream name.,539530,116224
Bickham Bridge,De,Avon (Devonshire),Anglo-Saxon,1066,,,25,,,Charter boundary clause evidence.,272589,55375
Biddenham,Bd,Great Ouse,by 1224,1224,,,24,"E, 89",,"Bridge repaired in 1224. Formerly Biddenham, also known as Bromham Bridge.",501023,250374
Billing,Np,Nene,by 1243,1243,,,,"E, 73","RHH3/E1 ii(2), 15","Near Northampton, with a mention of tolls collected. ",481471,261054
Boroughbridge,YoW,Ure,by 1155,1155,pontem de Burgo,brycg,207,"N, 82","PNYoW v, 82?83; CDEPN, 70-71; DEPN, 53","On the Old North Road/Ermine Street, with toll collection mentioned.",439636,466997
Boston,Li,Witham,13thC,1250,,,,"E, 60",,,532749,344022
Botolph Bridge,Hu,?Nene,1086,1086,Botuluesbrige,brycg,,,"PNBdHu, xli, 194","Church apparently originally dedicated to St Botolph, patron saint of wayfarers (PNBdHu).",517212,297200
Bow,Mx,Lea,by 1118,1118,,,111,"E, 142?43",,Construction funded by Queen Matilda (1100-18). An approach road between Bow and London was probably built around the same time.,537877,183087
Bracebridge,Li,Witham,1086,1086,"Brachebrige, Bragebbruge",brycg/bryggja,,,"PNLi i, 190?91; CDEPN, 76; DEPN, 57; LPN, 69-70; Mills, 70; Coates 2008, 44-47","OE 'brycg', varying with ON 'bryggja' (PNLi; CDEPN 76). First element uncertain, Mills suggests a variation on OFrench 'brace[ 'arch, support', referring to the structure of the bridge and Coates ON a nominal use of ON 'brattr' 'steep'.",496603,368191
Bradford House and Bridge,Wo,Elmley Brook,1229,1229,La Brodeford,brycg,,,"PNWo, 236",,386937,271348
Bradley,Nb,Colne/Calder,12thC,1175,,,,"N, 105",,Two bridges mentioned in the twelfth century across both the Colne and the Calder rivers.,417668,420162
Bramber,Sx,Adur,by 1230,1230,,,,"S, 51",,Apparently in the thirteenth century this was a timber bridge located to the west of the stone Bramber Bridge.,518709,110595
Bramber,Sx,Adur,by 1086,1086,,,,"S, 51",,One of two bridges by Bramber.,519192,110615
Brambridge,Ha,Itchen,11thC,1099,(to) brombrygce,brycg,,,"HaPNs, 76",,446756,122286
Bretforton,Wo,minor,c. 1200,1200,Bretfertona,bred,,,"PNWo, 261?62; CDEPN 84; VEPN ii, 13-14","PNWo interprets first element as OE 'br?d' 'broad', CDEPN thinks oe 'bred' 'board' more likely, with later reinterpretation as OE 'br?d'. There are several crossings that migth be the referrent.  The church is used as the grid reference here.",409297,243815
Bridenbridge [lost],Wo,Worcester & Birmingham Canal,11thC,1099,in bridenan brygge,brycg,,,"PNWo, 359?60",Modern canalisation and name of the waterway.,398556,268714
Bridge [Ke],Ke,Nail Bourne,1086,1086,Brige,brycg,,,"Cullen 1997, 402; KePNs, 541; CDEPN, 85",Where Nail Bourne crosses Watling St (M1a) (KePNs; CDEPN).,618264,154230
Bridge Carr,YoE,?minor,13thC,1299,"Risebriggker, Risebrigger, Risebrigg'ker, Rysebriggker",brycg/bryggja,,,"PNYoE, 235","Land there called 'le Liliclos' (Selby ii, 29 and 35).  There's a 'Lilly Wood' at SE 79664 37577.",482808,435399
Bridge Fm [Do],Do,?causeway,1086,1086,"(ad) Brigam, ?Brige",brycg,,,"PNDo i, 268",Probably preserving name of manor(s) called 'Brige' in DB; perhaps used of a crossing to Portland near Small Mouth: Leyland describes a causeway there in 16th c. (PNDo).,365301,77720
Bridge Hill,Ha,?Puckridge Flash,1287,1287,de ponte de Cove (p),pons,,,"HaPNs, 108",,484825,153047
Bridge Sollers,He,Wye,1086,1086,Bricge,brycg,,,"DEPN, 64; HeBann, 26; HePNs, 44; Noble 1983, 23",NB Parish includes land north and south of Wye. See Noble for possible survival of Roman bridge at SO 44224 41231.,341260,242423
Bridge St [Winchester],Ha,Itchen,1280,1280,?in vico de Newebrigge,brycg,,,"HaPNs, 10",,448599,129296
Bridgerule,De,Tamar,1086,1086,Brige,brycg,,,"PNDe, 135?36; DCoPNs, 60; CDEPN, 85; DEPN, 64",Personal name Hroaldr that of 1086 holder.,227483,102864
Bridgham,Nf,Thet,1086,1086,Brug?,brycg,,,"CDEPN, 85; DEPN, 64","Roman road runs down west of parish crossing River Thet at TL 94088 84080; another route crosses River Thet at TL 98896 86683 in east of parish. However, neither is close to the present settlement and it therefore impossible to decide which of the crossings the name referred to (if it did not refer to an unidentified crossing nearer the village).",595774,285825
Bridghampton,So,Cam,1281,1281,Brugamton,brycg,,,"DEPN, 64",,356525,123947
Bridgnorth,Sh,Severn,by 1101,1101,,,23,"W, 139?40",,"A Cuatbrucge recorded in the Anglo-Saxon Chronicle (A, s.a. 895) may refer to a bridge at Bridgnorth, in which case a bridge was in existence by teh 9th century. See PNSa (i, 56?59).",371871,293007
Bridgwater,So,Parrett,by 1086,1086,Brugie,brycg,25,"S, 102?03","CDEPN, 86; DEPN, 64; Mills, 76","Part of the fee of Walter of Douai, said to have built a bridge across the Parrett (CDEPN).",330041,137104
Brigesti,Li,?minor,1260,1260,Brigesti,brycg/bryggja,,,"PNLi ii, 155",,513895,420059
Brigg,Li,Ancholme,1218,1218,punt de Glanford,pont,,"E, 56","PNLi, 117?18; LiPNs, 86; CDEPN, 86; DEPN, 197",Formerly the Glanford Bridge. First element influenced by ON cognate 'glaumr' (PNLi). Glanford Brigg (brycg/bryggja) in 1235.,499857,407182
Brigge,Li,Halton East Beck,1294,1294,del Brigge (p),brycg/bryggja,,,"PNLi ii, 287",Now a modern drain.,511979,419180
Brigham,YoE,Hull,Anglo-Saxon,850,Bringeha',brycg,102,,"PNYoE, 90?91",Remains of girder bridge over Hull found near Brigham.,506350,454200
Brigham [Cu],Cu,Derwent,c. 1175,1175,Briggham,brycg/bryggja,,,"PNCu, 355; DEPN, 64-65; CDEPN, 86",,308169,531283
Brighouse,YoW,Calder,1240,1240,Brig(g)huses,brycg/bryggja,,,"PNYoW iii, 76; CDEPN, 86; DEPN, 65","The Brig- form is due to ON influence by sound substitution, and is not from a ON 'bryggja' 'quay, jetty'; this was an ancient crossing of the River Calder (PNYoW).",414409,422564
Brigsley,Li,Waithe Beck,1086,1086,Brigeslai,brycg,,,"PNLi iv, 60?62; DEPN, 65; CDEPN, 87",Bridge suggested to be that over Waithe Beck by PNLi.,525217,401696
Bristol,Gl,Avon,1009x17,1017,BRIC,brycg,25,"S, 125","AS Mint-Names, 42?46;  PNGl iii, 83-4, 87",This is the location of Bristol Bridge which the survey volume suggests might have been the original bridge site. Several more occurences in eleventh century as a mint signature. Stone bridge in existence in 1215. ,359000,172905
Brushford,De,Barle,1086,1086,"Brige-, Brucheford",brycg,,,"CDEPN, 95; DEPN, 71; Mills, 82","Development may be due to folk etymological reinterpretation, brushwood being frequently used for causeways.",292691,125846
Brushford,De,Taw,1086,1086,"Brisforda, Brigeforda",brycg,,,"PNDe ii, 361; CDEPN, 95; DEPN, 71","Original form must have been Bridgeford, i.e. ford with some kind of causeway laid across it; later, perhaps owing to the frequent use of brushwood causeways (cf. Rice Bridge, PN Sx 258), folk- etymology seems to have been at work (PNDe).",267628,107172
Bungay,Sf,Waveney,by 1240,1240,,,,"E, 123",,,633789,289964
Burton on Trent,St,Trent,12thC,1199,,,,"E, 5",,"Discussion: H. Rye, 'The Great Bridge of Burton-on-Trent', Burton-on-Trent Natural History and Archaeological Society, 5.1 (1903), 4-21.",425530,323288
Bury St Edmunds,Sf,Lark,by 1230,1230,,,,"E, 109",,Uncertain date.,585815,264381
Butts Bridge,Ha,minor,1280,1280,Buttebrigg,brycg,,,"HaPNs, 198; HaCoates, 46",HaPNs notes a William 'le But' in the parish in 1327 and suggests the first element refers to one of his ancestors.,442228,106606
Cambridge,Ca,Cam,9thC,800,grontabricc,brycg,,"E, 104?05",,"Magdalen Bridge, formerly the Great Bridge. Attested in a 9th-century manuscript of the Life of St Guthlac, thought to have been written in the 8th century",544604,258987
Carlisle,Cu,Eden,by 1200,1200,,,23,"N, 118?19",,,340072,556563
Castleford,YoW,Aire,10thC,999,,,34,"N, 102",,Placename evidence for a bridge.,443002,425987
Cattawade,Sf,Stour (Suffolk),by 1256,1256,,,,"E, 128?29",,Repaired in 1256.,609928,232709
Caversham/Reading,Be,Thames,by 1231,1231,,,,"S, 10",,"A ferry was also in operation. Reading had become the main settlement west of London by ninth to tenth centuries, being well located at the conjunction of the Thames and the Kennet.",471131,174632
"Cf. Butforth Drain, -Lane",Li,?minor,1216?72,1272,ad pontem de Budeford,pons,,,"PNLi ii, 18",Butforth Lane doesn't now cross a watercourse.,509049,421026
Cf. Croft House,YoE,Mill Beck,1154,1154,"Brigg'croft, Croft",brycg/bryggja,,,"PNYoE, 225",Location may not be accurate for 12th c. name.,490815,429209
Cf. Dean Brook,Wo,Dean Brook,1275,1275,"Denebrigge, pontem de la Dene",brycg,,,"PNWo, 136","Presumably located somewhere along the Dean Brook, i.e. the northern bounday of the parish. PNWo is not sure that the valley is well-marked enought to be a 'denu'.",393816,260400
cf. Great Bridge?,Ha,Test,1154?89,1289,pons de Bradebrigge,brycg,,,"HaPNs, 185",,435284,122908
Cf. Knight Fd,Ha,Test,13th,1299,Cnythtebrigge,brycg,,,"HaPNs, 256",,438930,140986
Cf. Long Bridge (1896) [2],Li,?minor,1155?89,1189,"Briggedik, iuxta pontem",brycg/bryggja,,,"PNLi ii, 273",PNLi does not link the Latin and English forms below.,519503,411852
Chapmonebrugge,Gl,?minor,1282,1282,Chapmonebrugge,brycg,,,"PNGl ii, 224",Place-name (English) Bicknor; parish enormous so unclear where this is.,366294,212018
Chester,Ch,Dee,Anglo-Saxon,1066,,,,"W, 25?26",,Old Dee Bridge. Domesday Book mentions the bridge was being repaired in the eleventh century.,340620,365780
Corbridge,Nb,South Tyne,built 1235,1235,Corebricg,brycg,,"N, 23","CDEPN, 157; DEPN, 122; NbDuPNs, 52?54","First element (a shortned form of) Roman 'Corstopitum', with dissimiation of /r - r/ to /l - r/ in some forms. Originally Roman bridge at NY 98017 64624, place-name attested c. 1040.",398869,564179
Cornbow,Wo,Stour (Warwickshire),1297,1297,Cornbowe,boga,,,"PNWo, 293",PNWo suggests this is a reference to a bridge.,396865,283327
Creedy Bridge,De,Creedy,997,997,(o?) crydian bricge,brycg,25,,"PNDe ii, 405; CDEPN, 405",Charter boundary clause evidence.,284608,101149
Cromwell,Nt,Trent,early 8thC/9th C,825,,,,,"Baker and Brookes 2013, 162; Salisbury 1995","Sapwood dendrochronologically dated to 693 but bridge could have been built later using mature wood (Baker and Brookes 2013). Discussion: C. Salisbury, 'An 8th-Century Mercian Bridge over the Trent at Cromwell, Nottinghamshire, England', Antiquity 69 (1995):1015?18",480880,361220
Curbridge,Ha,Curbridge Creek,1236,1236,Kernebrugge (p),brycg,,,"HaPNs, 32; HaCoates, 62; CDEPN, 175","Gover thinks this is 'bridge by a 'cweorn' or hand mill'; Coates, seeing a genitive plural, thinks this unlikely, and suggests 'bridge [made] of quernstones', but only tentatively. CDEPN suggests 'bridge made or supported by quernstones'.",452764,111789
Curbridge [Ox],Ox,minor stream,956?57,957,(?t) Crydan brigce,brycg,,,"PNOx ii, 315; DEPN, 136; Blair and Millard 1992.",Near Ducklington. ,433240,207120
Doncaster,YoW,Don,by 1230s,1239,,,112,"N, 110",,In the 1230s the men of Doncaster received permission to collect a toll on their bridge for the purposes of rebuilding it in stone.,457094,403614
Doveridge,Db,Dove,by 1086,1086,"Dub(b)rig(e), Dub (b)rigge",brycg,25,"E, 20","PNDb iii, 549?50; DEPN, 149; CDEPN, 193",Called Dubridge in Domesday Book.,410590,334427
Dunbridge,Ha,Dun,1086,1086,Denebrige,brycg,,,"HaPNs, 188 and 190; HaCoates, 67-68",,431839,126251
Durham,Du,Wear,1099x1128,1128,,,,"N, 40",,"The first stone bridge in Durham was the Old Bridge, built by the bishop. The Elvet Bridge (coordinates used) was erected in 1153x95.",427443,542431
Ealing Bridge,Ex,?minor,1043?45,1045,Gildenebrigge,brycg,,,"PNEx, 37",Probably 'Guildsmens bridge'.,547296,211759
"East Bridge [Crondall, Ha]",Ha,minor,1272,1272,Echebrigge,brycg,,,"HaPNs, 108","On the stream flowing from Itchel House, but lack of <l> in earliest spellings means derivation from this name uncertain.",479774,149788
East Bridgford,Nt,Trent,1086,1086,Brugeford(e),brycg,,,"CDEPN, 85; PNNt, 222","Must have replaced the ancient ford at early date. Settlement at SK 69137 43136, with grid ref to Gunthorpe Bridge (EW). Affix distinguishes it from West Bridgford at SK 58129 38236 (Trent Bridge), SK 58717 37500 (settlement), in Newark South Division.",468077,343698
Eastbridge,Sf,?Minsmere,1086,1086,"?Briges, Bringas",brycg,,,"Baron, 37 and 47; CDEPN, 203","Baron identifies with Bridge Fm in Dunwich, but Bridge in Blythburghis also a possibility. At Eastbridge is a crossing over the Minsmere River, although 'the plural DB form may indicated the existence of more than one crossing' (SfPNs 46).",645280,266374
Eastbridge (Hospital),Ke,Great Stour,c. 1200,1200,Eastbrege,brycg,,,"Cullen 1997, 564; KePNs, 606",,614580,158095
Eastbridge [Ke],Ke,?minor,1086,1086,Estbrige,brycg,,,"Cullen 1997, 220; KePNs, 463",,607548,132168
Edenbridge,Ke,Eden,c. 1100,1100,Eadelmesbrege,brycg,,,"KePNs, 73; KPN, 73; CDEPN, 208",,544429,145963
Egginton,Db,Dove,by 1256,1256,,,,"E, 22",,"On Ryknild Street, repaired in 1256.",426836,327095
Elbridge [Sx],Sx,minor,985,985,?elbrycg,"brycg, ?el",,,"PNSx, 91",,491232,102124
Elbridge Fm & House,Ke,Lampen Stream,948,948,??l brycge,"brycg, ?el",,,"Cullen 1997, 365; KPN, 277-78",,620358,159618
Elmbridge Hundred,Sr,Ember,1086,1086,Amelebrige,brycg,,,"PNSr, 86?87; EHNs iii, 60?61",,514953,167854
Elstead,Sr,Wey,13thC; probably post 1233,1233,,,,"S, 22?23",,Jervoise identifies six bridges over the Wey with an identical design. He suggests they were all constructed after the 1233 flood when many bridges in the district were damaged.,490542,143801
Exeter,De,Exe,1190x1200,1200,,,,,HE scheduled ancient monument: https://historicengland.org.uk/listing/the-list/list-entry/1020671 ,,291656,92164
Fambridge (North and South),Ex,?connected to Crouch,1017-35,1035,Fanbrege,brycg,,,"PNEx, 214?15; CDEPN, 224; DEPN, 173",North and south of the River Crouch.,585320,196539
Felbrigg,Nf,?minor,1086,1086,Felebruge,brycg/bryggja,,,"PNNf iii, 14; DEPN, 177; Mills, 187; CDEPN, 227","Ekwall suggests ON compound he translates as 'plank bridge' (DEPN 177), but PNNf points out that ON 'bryggja' was not used itself of a bridge, but normally denoted a jetty/quay. Hybrid name, with the second element influenced from OE 'brycg'? (Mills 187)",619761,339011
Felgate [lost],Wo,?minor,1275,1275,Felegate,?el,,,"PNWo, 241","This may survive as the TA names Fieldgates, Field Gates Piece (ER).",385885,267969
Felton,Nb,Coquet,beginning of 13thC,1250,,,,"N, 8",,,418526,600320
Ferrybridge,YoW,Aire,by 1228,1228,,,208,"N, 102",,"A very important bridge on the Old North Road/Ermine Street, with toll collection. The bridge was there by the end of the twelfth century. Called 'Ferie' in Domesday Book of 1086.",448310,424631
Fittleworth,Sx,Rother,by 1199,1199,,,,"S, 56",,,500950,118278
Fordingbridge,Ha,Avon,1086,1086,"Fordingebrige Hund', Forde",brycg,,"S, 75","HaPNs, 211 and 213?14; HaCoates, 78; DEPN, 184; CDEPN 236",Hundred name. Two names: OE 'ford' and OE 'fordingabrycg' 'bridge of the dwellers by the ford' (HaPNs). In 1252 pontage was granted for the repair of the bridge.,414936,114210
Fountains Abbey,YoN,Ouse,built c. 1147,1147,,,,"N, 81",,"Two bridges. The first was certainly built c. 1147, and a second one to the west was probably constructed in the thirteenth century.",427521,468355
Freebridge Hundred,Nf,Great Ouse,1086,1086,"Fredebrvge H' et dim', H' et dim' de Fredrebruge, H' de Fridrebruge, Fredreburge  H' et dim', H' et dim' de Fredrebruga, Fridebruge H'",brycg,,,"EHNs i, 64?65; CDEPN, 240","First element may be a personal name ON 'Fr??i' or perhaps OE 'fri?, freo?u' 'refuge, protection'. Anderson (EHNs) wonders about OE 'fyrh?' 'a wood' and notes Frith Fields in Tilney All Saints.",561208,318575
Fulstow Bridge [lost],Li,?minor,?1277,1277,atte brigge (p),brycg/bryggja,,,"PNLi iv, 82",No evidence to indicate which bridge the forms refer to (PNLi).,532763,397121
Gloucester,Gl,Severn,by 1200,1200,,,23,"W, 152",,"There were probabably several bridges in existence by this date. A charter in 1220 grants land ""between the bridges of Gloucester"".",382430,219070
Great Bridgeford,St,Sow,1086,1086,Bridgford,brycg,,,"CDEPN, 85; DEPN, 64; StPNs, 148",'The ford with a (foot-)bridge' or 'by a bridge' (CDEPN).,388358,326946
Great Stambridge,Ex,?minor,1086,1086,Stanbruge,brycg,,,"PNEx, 202; CDEPN, 568; DEPN, 436",A collection of small settlements on the outskirts of Rochford.,589887,191642
Hakebrigam,Li,?unknown,1154?89,1189,Hakebrigam,brycg/bryggja,,,"PNLi v, 163",1st element unglossed in PNLi.,531654,400850
Handford Bridge,Sf,Gipping,970,970,"Hageneforda brygge, Hagenefordabrycge, Hagenefordabricge",brycg,,,"SfPNs, 64; Blake 1962, xxxiv and 113","Alternatively OE 'haga' 'enclosure, hedge' in genitive plural 'hagena' (SfPNs).",615089,244592
Harbridge [Ha],Ha,?Avon or minor,1086,1086,Herdebrige,brycg,,,"HaPNs, 219; HaCoates, 86; DEPN, 218","HaPNs suggests alternatively an '-ingas' name, but this seems unnecessary given the infrequency of forms with medial <-ing->.",414546,110044
Harrold,Bd,Great Ouse,by 1136x46,1146,,,23,"E, 87",,,495552,256530
Hartford,Nb,Blyth,by 1201,1201,,,,"N, 13",,,424276,579977
Hawbridge,Wo,?minor,13thC,1299,Haubruggestrete,brycg,,,"PNWo, 167",,390696,249136
Hebden Bridge,YoW,Hebden,1399,1399,"Hepdenbryge, Hepdenbrigg(e), Hepden Brig",brycg,,,"PNYoW iii, 188; DEPN, 230; CDEPN, 293",The bridge across Hebden water'.  Narrow bridge crossing the river at the upper end of Bridge Gate (PNYoW). Main variants Hepton and Hebden due respectively to progressive and retrogressive assimilation to the unvoiced /p/ and the voiced /d/ (PNYoW).,399091,427095
Hemington,Le,Trent,c.1000,1000,,,,,Ripper and Cooper 2009,,446200,330500
Henley,Ox,Thames,by 1250,1250,,,64,"S, 10?11",,,476361,182642
Hereford,He,Wye,by 1127,1127,,,37,"W, 115",,"Probably already in the eight century. For discussion on twelfth century bridge: J. Hillaby, 'Bishop Richard de Capella and the foundation of Herefordshire's market towns' in Essays in honour of Jim and Muriel Tonkin, ed. R. Lowe (Hereford, 2011).",350813,239580
Holland causeway,Li,modern South Forty Foot Drain / Hammond Beck,12thC,1199,,,106,,,"Long embanked road from Donnington to Bridge End, enroute from Nottingham/Grantham to Boston. Mentioned in the 'History of William Marshall'.",517150,335671
hordberg',Li,?unknown,12thC,1199,"hordberg', yorthbrighe",eor?-brycg,,,"PNLi ii, 145; Coates 2009, 94","Uncertain, forms varied.  The second element seems to be OE/ON 'brycg/bryggja' in all but one form, which is amongst the earliest but contemporaneous with a 'brycg/bryggja' form. Coates (2009, 94) notes that OE '-burh' cannot be excluded as the generic.",515495,414312
Horsebridge [Ha],Ha,Test,1236,1236,Hosebrig',brycg,,,"HaPNs, 185",,434470,130515
Hull Bridge,YoE,Hull,c. 1120,1120,Ulbrigg,brycg/bryggja,,,"PNYoE, 202",,505535,441714
Hungerford,Be,Kennet,by 1241,1241,,,,"S, 19",,,433876,168748
Huntingdon,Hu,Great Ouse,1194,1194,,,24,"E, 98",,"Uncertain date, but the bridge was certainly in existence by mid-thirteenth century.",524288,271469
Iford,Ha,Stour (Dorset),1100?35,1135,"(pontem de) Huver, Hufvre",pons,,,"HaPNs, 231; HaCoates, 173-74",,413782,93579
Isombridge,Sh,Tern,1086,1086,Asnebrugge,brycg,,,"PNSh i, 164; PNSh vi, 173; DEPN, 267","'Bridge of the servants'. 'The bridge was probably on the R. Roden, between Isombridge and Allscott' (PNSh i ).",361083,313789
iuxta pontem [Swinhope],Li,?unknown,12thC,1199,iuxta pontem,pons,,,"PNLi vi, 164","Have used crossing between church and manor house here; alternatively  perhaps TF 21208 95852, where the surviving road to Brookenby now crosses the river.",521370,396189
Julian's Bridge,Do,Stour (Dorset),by 1216,1216,,,,"S, 82?83",,,400362,99855
Kelham,Nt,Trent,by 1225,1225,,,,"E, 14",,,477597,355665
Kettlebridge Lane,Li,?minor,c. 1260,1260,Ketelbrige,brycg/bryggja,,,"PNLi ii, 153",This is location of Kettlebridge Lane today.,514069,419668
Kimbridge,Ha,Test,1202,1202,Kinbrige,brycg,,,"HaPNs, 190; HaCoates, 103",,432935,125595
Kinewards Bridge (now Tootle Bridge),So,Brue,by 1135,1135,,,,"S, 106",,,355090,132638
Kingsbridge,De,Kingsbridge Estuary,Anglo-Saxon,1066,cinges bricge,brycg,25,,"PNDe, 305; CDEPN, 346; DEPN, 277","Charter boundary clause evidence (S 704); apparently of 10th-century date, but possibly an 11th-century forgery.",273449,44171
Kingsbridge Hundred [Wi],Wi,minor,1086,1086,"Chinbrige, Chingbrigge hundred",brycg,,,"PNWi, 265; EHNs ii, 162-63",Location as given in PNWi. OE 'cyne' 'royal' replaced by 'cyning' 'king' in later forms (EHNs).,405658,177460
Kingston,Sr,Thames,by 1219,1219,,,,"S, 15",,,517705,169426
"Knights Bridge [Ecchinswell, Ha]",Ha,Enborne,1208,1208,de Cnihtebrigge (p),brycg,,,"HaPNs, 145",,450673,163414
Knightsbridge,Mx,Westbourne Stream,1042?66,1066,(in) Cnihtebricge,brycg,,,"PNMx, 169; LdnPNs, 140-41; DEPN, 282",LdnPNs notes reference to a guild of 'cnihtas' in 11th c. London. Crossing of Westbourne Stream.,527911,179758
Knightsbridge Fm,Ox,minor,10th,999,Cnihtabryge,brycg,,,"PNOx i, 92",OE 'cniht' in genitive plural.,468517,196635
Lancaster,La,Lune,by 1216,1216,,,12,"N, 132?33",,Skerton Bridge repaired in 1216.,348431,463897
Langbridge Hundred [lost],Gl,?Severn or causeway,1086,1086,"Langebrige hd', (In) Tolangebriges hd'",brycg,,,"PNGl iii, 155","To' part of prepostion 'into' (PNGl). PNGL, citing Rudder, notes this may refer to bridge over Severn between Highnam and Gloucester; PNGl suggests Over Causeway, a lengthy causeway. If so 'brycg' means 'hard, raised track through marshland' (PNGl).",381418,219578
Langport,So,Parrett,by 1220,1220,,,,"S, 100?01",,,341558,126637
Leather Bridge,Wo,Salwarpre,1229,1229,Letherenebruge,brycg,,,"PNWo, 284",,390725,264083
Lechlade,Gl,Thames,by 1250,1250,,,64,"S, 2",,,421335,199336
Leicester,Le,Soar,by 1200,1200,,,23,"E, 44",,,458144,304342
Lichfield,St,Curborough Brook,possibly by pre-13thC,1199,,,59,,,,411725,309586
Lincoln,Li,Till,by 1160,1160,,,,"E, 59",,,497395,371148
Loddon Bridge,Be,Loddon,by 1250,1250,,,,"S, 21",,Possibly confused with bridge at Twyford; see discussion in Jervoise.,476542,171540
Loftbrige,Li,?The Beck,c. 1160,1160,Loftbrige,brycg/bryggja,,,"PNLi ii, 27",,507276,421437
London,Mx,Fleet,Anglo-Saxon,1066,,,102,,,Excavated at Fleet Valley between the Blackfrriars and Holborn viaduct stations.,531670,180920
London,Mx,Thames,by 1000,1000,,,,"S, 16?17",,Rebuild from 1176.,532691,180579
Lower Eashing 1 and 2,Sr,Wey,13thC; probably post 1233,1233,,,,"S, 22?23",,Jervoise identifies six bridges over the Wey with an identical design. He suggests they were all constructed after the 1233 flood when many bridges in the district were damaged.,494652,143813
Magdalen Bridge,Ox,Cherwell,1004,1004,,,53,"S, 4",,,452044,206131
"Malrlebrugge, -waye, -walle",Gl,?minor,1282,1282,"Malrlebrugge, -waye, -walle",brycg,,,"PNGl iii, 224",,366294,212018
Mans Bridge,Ha,Itchen,by 932,932,(to) mannes brycge,brycg,,"S, 64?65","HaPNs, 34 and 42","Hundred name. HaPNs suggests personal name Mann. Compare, however, 'Maneshou 1086', for which Parsons (2006, 169) suggests OE 'mann' 'a person' (and compares OE 'ge-m??nnes' 'community').",444728,115519
Market Rasen,Li,Rase,by 1086,1086,"Rase, Rasa, Resne",r?sn,,,"DLPN, 100; PNLi iii, 94-96; CDEPN, 492; DEPN, 341","OE 'r?sn' probably denotes a plank bridge or planks laid across marshy ground. Grid reference given for Church Bridge on George St by be the older, more central road. Alternatively Jameson Bridge to the east of the settlement.",510614,389302
Marlow,Be,Thames,by 1250,1250,,,64,"S, 10?11, 16",,,485125,186092
Mersea Island,Ex,Coastal causeway,c. 700,700,,,104,,,"The Strood, lInking Mersea Island to Essex mainland",601388,215060
Mimbridge,Sr,Bourne,956,956,mint byrge,brycg,,,"PNSr, 129",Cf. nearby 'mim feld' or 'mint feld' in the same charter bounds.,499150,160605
Mitford,Nb,Wansbeck,13thC,1250,,,,"N, 10",,"Uncertain date, possibly after 1250.",417066,585592
Morpeth,Nb,Wansbeck,mid-13th C,1250,,,,"N, 11",,,420033,585847
Moulsham,Ex,Chelmer,1100x1135,1135,,,,"E, 134",,,571149,206433
Newark,Np,Trent,1133x69,1169,,,44,"E, 53",,Probably the Trent Bridge (i.e. the bridge by the castle).,479642,354132
Newcastle,Nb,Tyne,by 1219-20,1220,,,,"N, 29",,"The old bridge, built perhaps on top of Roman foundations, was burnt in 1248 and rebuilt in the 1250s. There was a 'bretasche' (defensive structure) on the bridge in 1219-20.",425316,563782
Newcastle-under-Lyme,St,Trent,by 1169,1169,,,,"E, 1",,,384722,345719
Norwich,Nf,Wensum,Anglo-Saxon,1066,,,103,"E, 119?23",,,623222,309011
Nottingham (West Bridgeford),Nt,Trent,by 924,924,Brigeforde,brycg,,"E, 8?14","CDEPN, 85; PNNt, 231","The most important crossing of the Trent in the 11th century, and a hub of the East Midlands road system.",458135,338252
Oakhanger,Ha,Oakhanger Stream,by 1215,1215,,,,"S, 22",,,476842,135470
Otley,Sf,Wharfe,from 1228,1228,,,,"N, 97",,,420121,445857
Ower Bridge,Ha,Cadnam,1279,1279,Orebrugge,brycg,,,"HaPNs, 195",Headform from 1890s OS (not shown on 1870s OS). First element is the place-name Ower.,432649,116767
Oxford,Ox,Thames,late 11thC,1099,,,,"E, 154",,Called the Grandpont.,451438,205560
Pembridge,He,Arrow,1086,1086,Penebrug(g)e,brycg,,,"CDEPN, 465; HePNs, 156",Alternative suggestions the OE personal name '*P?gna' (cf. Paignton) or OE 'penna' (gen. pl. of 'penn 'a pen') fit less well (CDEPN).,339052,258484
Pershore,Wo,Avon,by 1238,1238,,,,"W, 167?68",,,395234,245136
Piercebridge,Du,Tees,c. 1040,1040,Persebricge,brycg,,"N, 52?53","DuPNs, 96; NbDuPNs, 157; DEPN, 366; CDEPN, 472","Probably a Roman bridge, also refered to in the Assize Rolls of 1243. Or alternatively a causeway across marshy ground rather than the Tees, 'Osier bridge or causeway' (DEPN; DuPNs; CDEPN). (NbDuPNs had taken the specific as the personal name Piers.)",421450,515500
Pontefract,YoW,Aire,1069,1069,"apud Pontemfractum, ad Pontemfractum",pons,1,,"PNYoW ii, 75; CDEPN, 477; DEPN, 370","Broken bridge'. In DB known as 'Tateshale' (later Tanshelf), and (perhaps later) the place may have been known as 'Kirkebi'. Both Latin and French origins. Early spellings <Puntfreit , Pontfreit , Pountfreit> etc., are from Old French, Anglo-Norman  'pont(e) freit'.",447093,422888
pontem (de Haburc'),Li,?unknown,1155?60,1160,iuxta pontem,pons,,,"PNLi ii, 146","Place-name Habrough. Localised according to information that bridge was 'between Stallingburgh and Habrough marshes' (see early forms), although it is possible that the forms refer to more than one bridge.",521312,414989
pontem de Saxfortesflet,Li,?unknown,1154?89,1189,pontem de Saxfortesflet,pons,,,"PNLi ii, 116",,498862,420851
Quatford,Sh,Severn,by 924,924,Cwatbrycge,brycg,,"W, 139?40","PnSh vii, 18?23","Possibly a reference to a bridge at Bridgnorth, the location of the bruidge in 1100.",373672,290528
Radcot,Ox,Thames,by 1250,1250,,,,"S, x and 2?3",,Charter boundary clause evidence.,428542,199464
Redbridge,Ha,Test,956,956,"(of, on) hreod brycge",brycg,25,"S, 67","HaPNs, 40 and 194; HaCoates, 137; DEPN, 383",Carrying ancestor or A35 over Test; there are still reeds here (HaCoates).,436962,113705
Risbridge Hundred,Sf,?minor,1086,1086,Risebruge H',brycg/bryggja,,,"SfPNs, 116; EHNs i, 95",In the northeast of Barnardiston parish was  an area known as 'Monks Risbridge'. Anderson suggests the name referred to a crossing of a small stream on the southern boundary of this area (if I understand him correctly) (EHNs). Location from SfPNs.,570557,249992
Risenbridge [lost],Wo,?Severn,13thC,1299,Rysenbruge,brycg,,,"PNWo, 22",,384986,254515
Risingham,Nb,Rede,"Roman, apparently still extant in 18thC",200,,,,"N, 15?16",,The paved Roman Watling Street was still extant here in 1820.,388801,586552
Robertsbridge,Sx,Rother,just after 1176,1176,,,,"S, 46",,,573802,123817
Rochester,Ke,Medway,"Roman, medieval wooden bridge since at least 11thC",1050,,,,"S, 38?40",Brooks 1994,"Roman foundations probably used for a bridge at least from the 9th c. onwards, and the bridge was repaired in the early eleventh century. ",573968,168930
Rockingham,Np,Welland,by 1219,1219,,,,"E, 62",,,486593,292292
Rotherham,YoW,Don,by 1252,1252,,,,"N, 108",,,442656,392880
"Rumbridge [Eling, Ha]",Ha,Bartley Water,1180,1180,Runbrigga,brycg,,,"HaPNs, 196; DEPN, 396","HaPNs notes absence of medial <e> seems to rule out OE 'r?m' 'spacious' or 'hruna' 'tree trunk' as the specific, and suggests instead OE 'r?n' 'council'. DEPN accepts 'hruna' as a possibility.",435879,112771
Salisbury,Wi,Avon,possibly by pre-13thC,1199,,,,"S, 72?73",,"The stone bridge (originally Ayleswade, later Harnham Bridge) was built in 1245 by Bishop Bingham. Other structures may have predated it.",414358,129057
Sawbridge,Wa,Leam,1086,1086,Salwebrige,brycg,,,"PNWa, 151; CDEPN; DEPN, 405","The DB form makes it almost certain that the first element is the OE  'sealh' 'willow', and it is on the border of Willoughby (i.e. 'Willow-tree settlement' or 'willow-tree ring').",450434,266249
Scorce Bridge,YoE,Dam Dike,1227,1227,Scalewisbrigg,brycg/bryggja,,,"PNYoE, 265?66","PNYoE compares 'Skelwislandes' (1318, YD vi), a lost place in Yapham, and Scallow, Sx ('Scalewebregg(e)', 1385 and later forms; PNSx, 401).  The occurrence twice with OE 'brycg' 'bridge' is taken by PNYoE to indicate a meaningful word rather than a personal name.",462587,438712
Shedfield,Ha,?Shawfords Lake,956,956,(to) scida felda,sc?d,,,"HaPNs, 47?48; HaCoates, 146; CDEPN, 540-41; DEPN, 415","Coates notes K?keritz's suggestion that Shide (Wi) might mean 'footbridge', and thinks this would be appropriate in this parish, where the Roman road M 420 crossed four minor streams.  He notes OE 'scydd' 'shed' as a less likely possibility.",455000,114025
Shefford [Bd],Bd,Hit,1220,1220,Sepford,brycg,,,"PNBdHu, 172?73",,514484,239070
Shide,Wt,Medina,1086,1086,"Side, Sida",sc?d,,,"WtK?, 179?80; WtPNs, 95; DEPN, 147","It is thought that OE 'sc?d', whose meanings include 'board, plank', might have been used of a footbridge here (where the river is fairly narow) (WtK?).",450396,88102
Shincliffe,Du,Wear,end of 12t C,1175,,,,"N, 38",,,428751,541042
"Shrewsbury, English Bridge",Sh,Severn,by 1121,1121,,,23,"W, 132?33",,"Charter reference to two bridges, presumably the English and Welsh bridges. Both English and Welsh Bridges are mentioned in a charter or King Henry I of 1228. The coordinates are for the English bridge.",349589,312368
"Shrewsbury, Welsh Bridge",Sh,Severn,by 1228,1228,,,23,"W, 132?33",,"Charter reference to two bridges, presumably the English and Welsh bridges. Both English and Welsh Bridges are mentioned in a charter of King Henry I in 1228. ",348964,312795
Slimbridge,Gl,Severn,1086,1086,Heslinbruge,brycg,26,,"PNGl ii, 247?48",OE 'brycg' may here refer to a bridge over one of the streams here or a causeway across a muddy spot (PNGl).,374002,203554
Sockbridge,We,Lady Beck,1170?80,1180,"Socabret, Socabreo, Socbridge",bred,,,"PNWe ii, 207?08; DEPN, 429","Either OE '*socabred' ?board serving as a footbridge over marshy spots' (DEPN) or a compound of ME 'soc' ?ploughshare? (< OE 's?cn' ?jurisdiction, estate? or Old French 'soc' ?ploughshare?) and ME brede (< OE 'br?du') 'broad cultivated strip, furrow' (PNWe).",350117,526913
Sowerby Bridge,YoW,Calder,1424,1424,"Sour(e)bybrig(g)(e), Sour(e)by Brygge",brycg,,,"PNYoW iii, 140; CDEPN, 563; DEPN, 432","A bridge existed in 1315, when the township of Sowerby was fined for not repairing it. May have replaced 'Sowerby ford'.",405893,423530
St Ives,Hu,Great Ouse,beginning of 12thC,1230,,,24,"E, 102",,"Uncertain date, but the bridge was certainly in existence by mid-thirteenth century.",531268,271153
St Neots,Hu,Great Ouse,1180,1180,,,24,"E, 95",,,518099,260213
Staines,Mx,Thames,by 1242,1242,,,64,"S, 13",,Probably considerably earlier.,503199,171524
Stalbridge,Do,?Stour or Bibbern Brook,860?86,886,Stapulbrige,brycg,,,"PNDo iii, 280?81","Bridge built on posts or piles'. The name may refer to a bridge over the Stour or Bibbern Brook (PNDo, citing Penn). Alternative at ST 74504 17236 or ST 76464 19024.",373965,116392
Stamford,Li,Welland,Anglo-Saxon,1066,,,,"E, 64?65",,On the Old North Road/Ermine Street.,503055,306932
Stamfordbridge,YoE,Derwent,by 1066,1066,Stanford brycg,brycg,25,"N, 71","CDEPN, 568; PNYoE, 186?88",Refers to crossing of Derwent by Roman road here (PNYoE).,471146,455574
Stanbridge,Bd,Ouzel Brook,1086,1086,Stanburge,brycg,,,"LPN, 69; PNBdHu, 113, 132",PNBdHu suggests village took name from bridge at Stanbridgeford a mile to the south-east. Half-hundred named from Stanbridge; location just below Totternhoe.,496864,223009
"Stanbridge (Earls, Ranville)",Ha,Test,1236,1236,Stanbrige,brycg,,,"HaPNs, 184; HaCoates, 154-55",Two manors and a deserted medieval village (HaCoates). Apparently a bridge over the Test (HaPNs; HaCoates).,435225,123263
Stannington,Nb,Blyth,mid-13th C,1250,,,,"N, 13",,,421698,578362
Stanstead St Margarets [formerly 'Thele'],Ht,Lea,1189?99,1199,Pons de Thele,"pons, ?el",,,"PNHt, 230; DEPN, 438","The name refers to the bridge over the Lea here. The forms '(de) Ponte Tegule' and 'Punt de Tyulle' recorded form the thirteenth century mean 'tile bridge', and it is possible that this was later confused with '?el' 'plank' for it is very unlikely that the river here could ever have been crossed by a plank bridge (PNHt).",538268,211824
Stare Bridge,Wa,Avon (Warwickshire),1250s,1250,,,,"W, 159",,Known as the Kingsbridge in the time of King Henry III (1216?72). It was in disrepair in 1278.,433025,271437
Stockbridge [Chichester],Sx,?Lavant,1086,1086,Estocbrige,brycg,,,"PNSx, 62",Marked on Ordnance Survey Drawing no. 83.,485769,103945
Stockbridge [Ha],Ha,Test,1221,1221,Stocbrugge,brycg,,,"HaPNs, 186; HaCoates, 155-56; CDEPN, 576; DEPN, 444",Perhaps earlier 'Somborne' (CDEPN).,435266,135158
Stockbriggs Closes,YoE,?minor,1199,1199,Stokebrige,brycg/bryggja,,,"PNYoE, 247","Localised using copy of Enclosure Award Plan (East Riding of Yorkshire Archives, IA/22, parcels 19, 20 and 21).  Parcel 19 is westernmost, so feature may have been on road to Eastrington (SE 81488 30845).",481676,430904
Stourbridge,Wo,Stour (Warwickshire),1255,1255,"Sturbrug, Sturesbrige (p)",brycg,,,"PNWo, 311",,389980,284811
Stratford,Mx,Lea,Anglo-Saxon,850,,,45,,,"Timber features associated with river channels, such as the Channelsea, were recorded during the excavations at the Stratford Box, including a well-preserved Anglo-Saxon era wattle hurdle and timbers. Excavation site code: ARC SBX00. See also Bow bridge.",538250,184650
Stuntney,Ca,Great Ouse,12thC,1199,,,,"E, 103?",,A great causeway from Stuntney and Soham to Ely.,555340,278642
Swarkestone,Db,Trent,by 1204,1204,,,,"E, 6?7",,,436866,328724
Sweinesbrig',Li,?unknown,1208,1208,Sweinesbrig',brycg/bryggja,,,"PNLi vi, 75",,497685,402603
Swimbridge,De,minor,1086,1086,Birige,brycg,,,"PNDe ii, 350","First element apparently to be derived from the Sawin (OE personal name 'S?wine') who held the manor of Birige in 1086 (DB f. 194 b). If this is so, the stress accent must later have been shifted to the second syllable. The bridge here is over a tributary of the Taw.",261997,129999
Tamworth,St,Anker,9thC,850,,,,,Rahtz and Meeson 1992?,Possible bridge excavated at 71 Bolebridge Street in association with the Tamworth watermills.,421100,303900
Tewkesbury,Gl,Avon,c. 1205,1205,,,,"W, 171?72",,,389372,233229
Thelbridge,De,minor,1086,1086,"Talebrua, Talebrige","brycg, ?el",,,"PNDe ii, 395; CDEPN, 607; DEPN, 465",'Plank bridge'.  This must have been over the little stream about half a mile north of the church (PNDe).,278661,112752
Thelbridge Bridge,De,minor,930,930,?elbrycg,"brycg, ?el",,,"PNDe ii, 412",'Plank bridge'. Shown as a ford on the OS 1st edn.,281921,104782
Thelnetham,Sf,?unknown,1086,1086,"Teluetteham, Thelueteham",?el,,,"SfPNs, 137; CDEPN, 607; DEPN, 465; MillsSf, 88","Generic alternatively OE 'h?m', as 'hamm' is not known to occur elsewhere in Norfolk or Suffolk, with specific a metathesized form of OE '*??felett' 'thicket' (SfPNs).",601853,278301
Thelwall,Ch,minor by Mersey,920,920,Thealw?le,?el,,,"PNCh ii, 138; CDEPN, 607; DEPN, 465","Deep pool at a plank' probably 'pool with a plank bidge' (PNCh). The Anglo-Saxon Chronicle refers to a burh established here in 922 by Eadward the Elder, presumably to guard the crossing of the Mersey at Latchford. The deep pool would probably be a place in the River Mersey.",364967,387415
Thrapston,Np,Nene,by 1224,1224,,,58,"E, 75?76",,,499078,278629
Throckmorton,Wo,Piddle,by 1229,1229,Tuwelesbrugge,brycg,,"W, 168","PNWo, 170",,396307,250011
Thrunsco Plat,Li,?Buck Beck,1298,1298,Thyernescobrig',brycg,,,"PNLi v, 120",First element is the place-name Thrunscoe in Cleethorpes parish (TA 30943 07712).,531184,406874
Tilford 1,Sr,Wey,13thC; probably post 1233,1233,,,,"S, 22?23",,Jervoise identifies six bridges over the Wey with an identical design. He suggests they were all constructed after the 1233 flood when many bridges in the district were damaged.,487177,143500
Tilford 2,Sr,Wey,13thC; probably post 1233,1233,,,,"S, 22?23",,Jervoise identifies six bridges over the Wey with an identical design. He suggests they were all constructed after the 1233 flood when many bridges in the district were damaged.,487376,143441
Tonbridge,Ke,Medway,1086,1086,Tonebrige,brycg,,,"KePNs, 180; CDEPN, 621","Apparently originally a ford, later a bridge (CDEPN).",559052,146495
Topcliffe,YoN,Swale,1227-1231,1227,,,,"N, 89",,Wooden bridge attested in the thirteenth century.,439811,475957
Trowbridge,Wi,Biss,1086,1086,Straburg,brycg,,,"PNWi, 133; Mills, 470; CDEPN, 629; DEPN, 481",'Wooden bridge' (DEPN) or ' bridge made of tree trunks' (CDEPN).,385339,157997
Tunegatebrig,Li,Nettleton Beck,1245,1245,Tunegatebrig,brycg/bryggja,,,"PNLi ii, 249",,511097,400177
Turvey,Bd,Great Ouse,by 1138x47,1147,,,23,"E, 87",,,493802,252376
Turweston Bridge,Be,Great Ouse,by 1252,1252,,,,"E, 82","CalInq i, 51.","The location of the bridge cannot be closely identified, coordinates are to closest Ouse crossing by Turweston.",460032,237950
Twyford,Be,Loddon,by 1250,1250,,,55,"S, 21",,Ford replaced by a bridge by 1250.,478338,176074
Tybridge Street,Wo,by Severn,1254,1254,Tiebrigstrete,brycg,,,"PNWo, 22?23","PNWo gives the forms under the headform 'Turkey'.  However, there is a 'Tybridge Street' on the west bank of the river (the location of which is given here).",384315,254739
Tymbrigge,Gl,?Westbury Brook,c. 1275,1275,Tymbrigge,brycg,,,"PNGl iii, 233",,368882,215369
Unstead,Sr,Wey,13thC; probably post 1233,1233,,,,"S, 24",,Jervoise identifies six bridges over the Wey with an identical design. He suggests they were all constructed after the 1233 flood when many bridges in the district were damaged.,499267,145497
Uxbridge,Mx,Colne,c. 1145,1145,"Oxebruge, Wixebrug'",brycg,53,"E, 148","PNMx, 48?49; LdnPNs, 254; DEPN, 488; CDEPN, 640","OE Group name 'Wixan' (OE '*Wihsan') as found in Waxlow (Mx), the Tribal Hidage and in place-names further afield (PNMx).",505104,184627
Wallingford,Be,Thames,by 1250,1250,,,64,"S, 9",,,461017,189460
Wansford (Bridge),Hu,Nene,c. 1200,1200,Wylmesford,brycg,,"E, 79","ECEE, 110; PNBdHu, 198; ClRH3 ii, 383",On the important Old North Road/Ermine Street. Indulgences granted to all who gave 10d in alms for the repair of the bridge in 1221. In 1233 repairs were being conducted. ,507499,299116
Westbriggs,Nf,?minor,1086,1086,Wesbruge,brycg,,,"DEPN, 507",,565130,310460
Wetherby,YoW,Wharfe,by 1233,1233,,,198,"N, 98",WCA,"Bridge construction in progress in 1233. May refer instead to the repair of an existing bridge, since numerous records note its state and condition (WCA).",440408,447990
Weybridge,Sr,Wey,1062,1062,Weybrigga,brycg,,,"PNSr, 98; Mills, 493; CDEPN, 668; DEPN, 510",First element River Wey.,506900,164729
Wheatley Bridge,Ox,Thame,1228?29,1229,,,,"E, 151","PNOx i, 142; S 587","A ford is recorded here in S 587 (AD 956 (10th/11th c. copy)), and a 'pons de Harpesford' in 1228?29 (first element OE 'here-p??' 'main road').",461203,205220
Wilgebrigge,Li,?Laceby Beck,1258?63,1263,Wilgebrigge,brycg/bryggja,,,"PNLi v, 135",,521411,406447
Windsor,Be,Thames,"by 13thC, possibly late 11thC",1200,,,,"E, 149",,Certainly extant by 1275?76.,495707,177329
Woodbridge,Do,minor,932,932,"(on) wde brigthe, (to) wde bricge, (to) wdebrige",brycg,,,"PNDo iii, 105",,384615,118090
Woodbridge [Sf],Sf,?Deben,1042?66,1066,Oddebruge,brycg,,,"SfPNs, 157; CDEPN, 694; MillsSf, 99; DEPN, 530","Woodbridge is located on the River Deben, although the bridge to which the name refers to appears to have been lost. CDEPN suggests instead 'the bridge leading to the wood'.",627100,249141
Worcester,Wo,Severn,by 1088,1088,,,,"W, 144?45",,,384532,254858
Wormbridge,He,Worm Brook,1199,1199,Winebrug,brycg,,,"HePNs, 214",Wrom Brook.,342527,230552
Wychnor,St,Trent,by 1251,1251,,,,"E, 4",,Possibly only built in 1251.,418548,316124
Yarm Bridge,Du,Tees,by 1228,1228,,,,"N, 57",,,441811,513157
York,YoN,Ouse,10thC,999,,,,"N, 83","Stell 2003, 41",Two bridges: the Ouse Bridge (coordinates given) and the Foss Bridge. Rebuilt in stone probably in late twelfth century. The earliest charter evidence is for the Ouse Bridge in 1189x1200 and for the Foss Bridge in 1145x48 (Stell).,460210,451655
