"id","nodesid","year","inhabitants"
"8","0","1300","8"
"10","0","1400","5"
"12","0","1500","7"
"14","0","1550","7"
"16","0","1600","7"
"18","0","1650","5"
"20","50","1300","2"
"22","50","1400","3"
"24","50","1500","7"
"26","50","1550","5"
"28","50","1600","4"
"30","50","1650","4"
"32","65","1300","18"
"34","65","1400","10"
"36","65","1500","18"
"38","65","1550","20"
"40","65","1600","23"
"42","65","1650","19"
"44","68","1300","2"
"46","68","1400","1"
"48","68","1500","2"
"50","68","1550","3"
"52","68","1600","6"
"54","68","1650","5"
"56","69","1300","4"
"58","69","1400","4"
"60","69","1500","5"
"62","69","1550","6"
"64","69","1600","7"
"66","69","1650","7"
"68","72","1300","3"
"70","72","1400","2"
"72","72","1500","3"
"74","72","1550","4"
"76","72","1600","5"
"78","72","1650","4"
"80","132","1300","0"
"82","132","1400","1"
"84","132","1500","1"
"86","132","1550","1"
"88","132","1600","1"
"90","132","1650","1"
"104","186","1300","1"
"106","186","1400","3"
"108","186","1500","3"
"110","186","1550","3"
"112","186","1600","4"
"114","186","1650","5"
"116","244","1300","3"
"118","244","1400","2"
"120","244","1500","7"
"122","244","1550","6"
"124","244","1600","7"
"126","244","1650","9"
"128","250","1300","1"
"130","250","1400","3"
"132","250","1500","12"
"134","250","1550","27"
"136","250","1600","60"
"138","250","1650","104"
"140","253","1300","3"
"142","253","1400","2"
"144","253","1500","3"
"146","253","1550","3"
"148","253","1600","3"
"150","253","1650","3"
"152","258","1300","2"
"154","258","1400","1"
"156","258","1500","2"
"158","258","1550","3"
"160","258","1600","5"
"162","258","1650","3"
"164","266","1300","1"
"166","266","1400","1"
"168","266","1500","2"
"170","266","1550","3"
"172","266","1600","3"
"174","266","1650","4"
"176","268","1300","7"
"178","268","1400","15"
"180","268","1500","30"
"182","268","1550","38"
"184","268","1600","47"
"186","268","1650","56"
"188","272","1300","2"
"190","272","1400","1"
"192","272","1500","1"
"194","272","1550","1"
"196","272","1600","1"
"198","272","1650","1"
"200","296","1300","2"
"202","296","1400","3"
"204","296","1500","6"
"206","296","1550","5"
"208","296","1600","7"
"210","296","1650","7"
"212","317","1300","2"
"214","317","1400","1"
"216","317","1500","1"
"218","317","1550","1"
"220","317","1600","2"
"222","317","1650","2"
"224","322","1300","2"
"226","322","1400","1"
"228","322","1500","1"
"230","322","1550","1"
"232","322","1600","2"
"234","322","1650","3"
"236","355","1300","2"
"238","355","1400","1"
"240","355","1500","1"
"242","355","1550","1"
"244","355","1600","2"
"246","355","1650","2"
"248","403","1300","8"
"250","403","1400","5"
"252","403","1500","7"
"254","403","1550","9"
"256","403","1600","12"
"258","403","1650","11"
"260","476","1300","3"
"262","476","1400","5"
"264","476","1500","5"
"266","476","1550","5"
"268","476","1600","5"
"270","476","1650","4"
"272","479","1300","1"
"274","479","1400","1"
"276","479","1500","2"
"278","479","1550","2"
"280","479","1600","2"
"282","479","1650","3"
"284","485","1300","2"
"286","485","1400","1"
"288","485","1500","1"
"290","485","1550","1"
"292","485","1600","2"
"294","485","1650","2"
"296","565","1300","1"
"298","565","1400","1"
"300","565","1500","1"
"302","565","1550","1"
"304","565","1600","2"
"306","565","1650","2"
"308","573","1300","0"
"310","573","1400","0"
"312","573","1500","1"
"314","573","1550","1"
"316","573","1600","1"
"318","573","1650","1"
"320","579","1300","4"
"322","579","1400","5"
"324","579","1500","9"
"326","579","1550","9"
"328","579","1600","10"
"330","579","1650","23"
"332","586","1300","2"
"334","586","1400","1"
"336","586","1500","3"
"338","586","1550","3"
"340","586","1600","4"
"342","586","1650","4"
"344","627","1300","2"
"346","627","1400","1"
"348","627","1500","2"
"350","627","1550","2"
"352","627","1600","2"
"354","627","1650","3"
"356","652","1300","1"
"358","652","1400","1"
"360","652","1500","2"
"362","652","1550","2"
"364","652","1600","3"
"366","652","1650","3"
"368","679","1300","2"
"370","679","1400","1"
"372","679","1500","1"
"374","679","1550","2"
"376","679","1600","2"
"378","679","1650","2"
"380","752","1300","1"
"382","752","1400","2"
"384","752","1500","3"
"386","752","1550","4"
"388","752","1600","5"
"390","752","1650","4"
"392","755","1300","1"
"394","755","1400","1"
"396","755","1500","1"
"398","755","1550","1"
"400","755","1600","1"
"402","755","1650","2"
"404","818","1300","5"
"406","818","1400","3"
"408","818","1500","3"
"410","818","1550","3"
"412","818","1600","4"
"414","818","1650","5"
"416","928","1300","1"
"418","928","1400","2"
"420","928","1500","5"
"422","928","1550","6"
"424","928","1600","7"
"426","928","1650","7"
"428","941","1300","1"
"430","941","1400","2"
"432","941","1500","3"
"434","941","1550","4"
"436","941","1600","5"
"438","941","1650","5"
"440","942","1300","12"
"442","942","1400","18"
"444","942","1500","18"
"446","942","1550","17"
"448","942","1600","16"
"450","942","1650","16"
"452","949","1300","2"
"454","949","1400","1"
"456","949","1500","6"
"458","949","1550","6"
"460","949","1600","7"
"462","949","1650","8"
"464","973","1300","13"
"466","973","1400","7"
"468","973","1500","18"
"470","973","1550","19"
"472","973","1600","21"
"474","973","1650","24"
"476","983","1300","2"
"484","983","1400","1"
"492","983","1500","1"
"500","983","1550","1"
"508","983","1600","1"
"516","983","1650","1"
"524","989","1300","1"
"526","989","1400","1"
"528","989","1500","2"
"530","989","1550","3"
"532","989","1600","3"
"534","989","1650","4"
"536","1017","1300","2"
"538","1017","1400","1"
"540","1017","1500","2"
"542","1017","1550","3"
"544","1017","1600","5"
"546","1017","1650","3"
"548","1036","1300","40"
"550","1036","1400","37"
"552","1036","1500","35"
"554","1036","1550","31"
"556","1036","1600","27"
"558","1036","1650","31"
"560","1050","1300","18"
"562","1050","1400","26"
"564","1050","1500","33"
"566","1050","1550","41"
"568","1050","1600","50"
"570","1050","1650","63"
"572","1127","1300","2"
"574","1127","1400","1"
"576","1127","1500","2"
"578","1127","1550","3"
"580","1127","1600","3"
"582","1127","1650","3"
"584","1177","1300","1"
"586","1177","1400","1"
"588","1177","1500","1"
"590","1177","1550","2"
"592","1177","1600","3"
"594","1177","1650","3"
"596","1190","1300","2"
"598","1190","1400","1"
"600","1190","1500","3"
"602","1190","1550","4"
"604","1190","1600","5"
"606","1190","1650","4"
"608","1234","1300","0"
"610","1234","1400","0"
"612","1234","1500","1"
"614","1234","1550","2"
"616","1234","1600","3"
"618","1234","1650","4"
"620","1238","1300","3"
"622","1238","1400","4"
"624","1238","1500","3"
"626","1238","1550","2"
"628","1238","1600","2"
"630","1238","1650","3"
"632","1239","1300","2"
"634","1239","1400","1"
"636","1239","1500","1"
"638","1239","1550","1"
"640","1239","1600","2"
"642","1239","1650","2"
"644","1251","1300","1"
"646","1251","1400","2"
"648","1251","1500","3"
"650","1251","1550","4"
"652","1251","1600","4"
"654","1251","1650","3"
"656","1333","1300","9"
"658","1333","1400","20"
"660","1333","1500","30"
"662","1333","1550","35"
"664","1333","1600","40"
"666","1333","1650","45"
"668","1374","1300","6"
"670","1374","1400","7"
"672","1374","1500","12"
"674","1374","1550","15"
"676","1374","1600","20"
"678","1374","1650","25"
"680","1388","1300","9"
"682","1388","1400","5"
"684","1388","1500","5"
"686","1388","1550","5"
"688","1388","1600","5"
"690","1388","1650","5"
"692","1401","1300","1"
"694","1401","1400","1"
"696","1401","1500","2"
"698","1401","1550","3"
"700","1401","1600","3"
"702","1401","1650","4"
"704","1417","1300","6"
"706","1417","1400","5"
"708","1417","1500","7"
"710","1417","1550","8"
"712","1417","1600","7"
"714","1417","1650","7"
"716","1436","1300","2"
"718","1436","1400","6"
"720","1436","1500","5"
"722","1436","1550","4"
"724","1436","1600","4"
"726","1436","1650","3"
"728","1444","1300","5"
"730","1444","1400","6"
"732","1444","1500","5"
"734","1444","1550","5"
"736","1444","1600","5"
"738","1444","1650","5"
"740","1467","1300","1"
"742","1467","1400","1"
"744","1467","1500","2"
"746","1467","1550","1"
"748","1467","1600","1"
"750","1467","1650","1"
"764","1521","1300","8"
"766","1521","1400","8"
"768","1521","1500","10"
"770","1521","1550","10"
"772","1521","1600","18"
"774","1521","1650","20"
"776","1537","1300","2"
"778","1537","1400","1"
"780","1537","1500","2"
"782","1537","1550","3"
"784","1537","1600","5"
"786","1537","1650","4"
"788","1545","1300","7"
"790","1545","1400","9"
"792","1545","1500","8"
"794","1545","1550","7"
"796","1545","1600","7"
"798","1545","1650","5"
"800","1570","1300","5"
"802","1570","1400","4"
"804","1570","1500","5"
"806","1570","1550","8"
"808","1570","1600","12"
"810","1570","1650","22"
"812","1611","1300","1"
"814","1611","1400","1"
"816","1611","1500","2"
"818","1611","1550","2"
"820","1611","1600","2"
"822","1611","1650","3"
"824","9364","1300","1"
"826","9364","1400","1"
"828","9364","1500","1"
"830","9364","1550","1"
"832","1619","1600","1"
"834","1619","1650","1"
"836","1633","1300","3"
"838","1633","1400","2"
"840","1633","1500","3"
"842","1633","1550","3"
"844","1633","1600","4"
"846","1633","1650","3"
"848","1639","1300","2"
"850","1639","1400","2"
"852","1639","1500","2"
"854","1639","1550","3"
"856","1639","1600","5"
"858","1639","1650","7"
"860","1682","1300","3"
"862","1682","1400","2"
"864","1682","1500","2"
"866","1682","1550","3"
"868","1682","1600","4"
"870","1682","1650","3"
"872","1687","1300","4"
"874","1687","1400","3"
"876","1687","1500","4"
"878","1687","1550","4"
"880","1687","1600","5"
"882","1687","1650","6"
"884","1721","1300","1"
"886","1721","1400","1"
"888","1721","1500","1"
"890","1721","1550","1"
"892","1721","1600","2"
"894","1721","1650","2"
"896","1728","1300","1"
"898","1728","1400","1"
"900","1728","1500","1"
"902","1728","1550","1"
"904","1728","1600","1"
"906","1728","1650","2"
"908","1737","1300","2"
"910","1737","1400","1"
"912","1737","1500","4"
"914","1737","1550","4"
"916","1737","1600","5"
"918","1737","1650","6"
"920","1741","1300","4"
"922","1741","1400","4"
"924","1741","1500","9"
"926","1741","1550","8"
"928","1741","1600","8"
"930","1741","1650","6"
"932","1748","1300","1"
"934","1748","1400","1"
"936","1748","1500","1"
"938","1748","1550","1"
"940","1748","1600","2"
"942","1748","1650","3"
"944","1750","1300","3"
"946","1750","1400","5"
"948","1750","1500","10"
"950","1750","1550","12"
"952","1750","1600","15"
"954","1750","1650","15"
"956","1790","1300","3"
"958","1790","1400","2"
"960","1790","1500","5"
"962","1790","1550","9"
"964","1790","1600","15"
"966","1790","1650","12"
"968","1793","1300","3"
"970","1793","1400","2"
"972","1793","1500","4"
"974","1793","1550","4"
"976","1793","1600","5"
"978","1793","1650","5"
"980","1811","1300","1"
"982","1811","1400","1"
"984","1811","1500","4"
"986","1811","1550","8"
"988","1811","1600","20"
"990","1811","1650","19"
"992","1813","1300","1"
"994","1813","1400","1"
"996","1813","1500","1"
"998","1813","1550","1"
"1000","1813","1600","1"
"1002","1813","1650","1"
"1004","1826","1300","16"
"1006","1826","1400","11"
"1008","1826","1500","19"
"1010","1826","1550","19"
"1012","1826","1600","19"
"1014","1826","1650","18"
"1016","1831","1300","1"
"1018","1831","1400","1"
"1020","1831","1500","1"
"1022","1831","1550","1"
"1024","1831","1600","1"
"1026","1831","1650","1"
"1028","1858","1300","2"
"1030","1858","1400","1"
"1032","1858","1500","1"
"1034","1858","1550","1"
"1036","1858","1600","2"
"1038","1858","1650","2"
"1040","1865","1300","1"
"1042","1865","1400","3"
"1044","1865","1500","3"
"1046","1865","1550","3"
"1048","1865","1600","3"
"1050","1865","1650","2"
"1052","1962","1300","2"
"1054","1962","1400","2"
"1056","1962","1500","3"
"1058","1962","1550","4"
"1060","1962","1600","6"
"1062","1962","1650","6"
"1064","1983","1300","2"
"1066","1983","1400","1"
"1068","1983","1500","2"
"1070","1983","1550","2"
"1072","1983","1600","3"
"1074","1983","1650","4"
"1076","1987","1300","13"
"1078","1987","1400","9"
"1080","1987","1500","12"
"1082","1987","1550","15"
"1084","1987","1600","20"
"1086","1987","1650","24"
"1088","1988","1300","5"
"1090","1988","1400","3"
"1092","1988","1500","11"
"1094","1988","1550","12"
"1096","1988","1600","13"
"1098","1988","1650","11"
"1100","1997","1300","1"
"1102","1997","1400","1"
"1104","1997","1500","1"
"1106","1997","1550","1"
"1108","1997","1600","2"
"1110","1997","1650","2"
"1112","2002","1300","6"
"1114","2002","1400","4"
"1116","2002","1500","8"
"1118","2002","1550","8"
"1120","2002","1600","12"
"1122","2002","1650","10"
"1136","2048","1300","3"
"1138","2048","1400","2"
"1140","2048","1500","4"
"1142","2048","1550","4"
"1144","2048","1600","5"
"1146","2048","1650","6"
"1148","2058","1300","1"
"1150","2058","1400","2"
"1152","2058","1500","2"
"1154","2058","1550","2"
"1156","2058","1600","2"
"1158","2058","1650","3"
"1160","2159","1300","64"
"1162","2159","1400","64"
"1164","2159","1500","45"
"1166","2159","1550","37"
"1168","2159","1600","31"
"1170","2159","1650","40"
"1172","2164","1300","1"
"1174","2164","1400","1"
"1176","2164","1500","1"
"1178","2164","1550","2"
"1180","2164","1600","2"
"1182","2164","1650","3"
"1184","2194","1300","1"
"1186","2194","1400","1"
"1188","2194","1500","2"
"1190","2194","1550","3"
"1192","2194","1600","3"
"1194","2194","1650","4"
"1196","2218","1300","1"
"1198","2218","1400","1"
"1200","2218","1500","4"
"1202","2218","1550","5"
"1204","2218","1600","7"
"1206","2218","1650","5"
"1208","2234","1300","3"
"1210","2234","1400","2"
"1212","2234","1500","9"
"1214","2234","1550","10"
"1216","2234","1600","12"
"1218","2234","1650","5"
"1220","2242","1300","5"
"1222","2242","1400","4"
"1224","2242","1500","3"
"1226","2242","1550","4"
"1228","2242","1600","5"
"1230","2242","1650","4"
"1232","2267","1300","2"
"1234","2267","1400","1"
"1236","2267","1500","1"
"1238","2267","1550","1"
"1240","2267","1600","1"
"1242","2267","1650","1"
"1244","2305","1300","2"
"1246","2305","1400","1"
"1248","2305","1500","4"
"1250","2305","1550","6"
"1252","2305","1600","5"
"1254","2305","1650","9"
"1256","2313","1300","5"
"1258","2313","1400","8"
"1260","2313","1500","8"
"1262","2313","1550","9"
"1264","2313","1600","10"
"1266","2313","1650","7"
"1268","2337","1300","9"
"1270","2337","1400","6"
"1272","2337","1500","12"
"1274","2337","1550","10"
"1276","2337","1600","8"
"1278","2337","1650","7"
"1280","2347","1300","5"
"1282","2347","1400","3"
"1284","2347","1500","3"
"1286","2347","1550","3"
"1288","2347","1600","4"
"1290","2347","1650","5"
"1292","2352","1300","2"
"1294","2352","1400","4"
"1296","2352","1500","11"
"1298","2352","1550","9"
"1300","2352","1600","14"
"1302","2352","1650","15"
"1304","2394","1300","3"
"1306","2394","1400","2"
"1308","2394","1500","3"
"1310","2394","1550","2"
"1312","2394","1600","2"
"1314","2394","1650","3"
"1316","2409","1300","8"
"1318","2409","1400","5"
"1320","2409","1500","2"
"1322","2409","1550","2"
"1324","2409","1600","2"
"1326","2409","1650","3"
"1328","2430","1300","1"
"1330","2430","1400","1"
"1332","2430","1500","2"
"1334","2430","1550","2"
"1336","2430","1600","2"
"1338","2430","1650","3"
"1340","2444","1300","2"
"1342","2444","1400","1"
"1344","2444","1500","2"
"1346","2444","1550","3"
"1348","2444","1600","4"
"1350","2444","1650","5"
"1352","2456","1300","4"
"1354","2456","1400","5"
"1356","2456","1500","14"
"1358","2456","1550","13"
"1360","2456","1600","19"
"1362","2456","1650","21"
"1364","2602","1300","1"
"1366","2602","1400","1"
"1368","2602","1500","2"
"1370","2602","1550","2"
"1372","2602","1600","2"
"1374","2602","1650","2"
"1376","2647","1300","1"
"1378","2647","1400","1"
"1380","2647","1500","2"
"1382","2647","1550","4"
"1384","2647","1600","10"
"1386","2647","1650","7"
"1388","2671","1300","1"
"1390","2671","1400","1"
"1392","2671","1500","2"
"1394","2671","1550","3"
"1396","2671","1600","4"
"1398","2671","1650","4"
"1400","2705","1300","1"
"1402","2705","1400","1"
"1404","2705","1500","1"
"1406","2705","1550","2"
"1408","2705","1600","2"
"1410","2705","1650","2"
"1412","2712","1300","4"
"1414","2712","1400","3"
"1416","2712","1500","7"
"1418","2712","1550","6"
"1420","2712","1600","15"
"1422","2712","1650","20"
"1424","2717","1300","5"
"1426","2717","1400","8"
"1428","2717","1500","12"
"1430","2717","1550","16"
"1432","2717","1600","39"
"1434","2717","1650","38"
"1436","2737","1300","0"
"1438","2737","1400","0"
"1440","2737","1500","1"
"1442","2737","1550","1"
"1444","2737","1600","1"
"1446","2737","1650","1"
"1448","2758","1300","6"
"1450","2758","1400","4"
"1452","2758","1500","10"
"1454","2758","1550","11"
"1456","2758","1600","12"
"1458","2758","1650","11"
"1460","2765","1300","4"
"1462","2765","1400","3"
"1464","2765","1500","7"
"1466","2765","1550","8"
"1468","2765","1600","10"
"1470","2765","1650","7"
"1472","2777","1300","5"
"1474","2777","1400","8"
"1476","2777","1500","30"
"1478","2777","1550","35"
"1480","2777","1600","40"
"1482","2777","1650","53"
"1484","2778","1300","1"
"1486","2778","1400","1"
"1488","2778","1500","1"
"1490","2778","1550","2"
"1492","2778","1600","2"
"1494","2778","1650","2"
"1496","2781","1300","3"
"1498","2781","1400","2"
"1500","2781","1500","2"
"1502","2781","1550","2"
"1504","2781","1600","2"
"1506","2781","1650","3"
"1508","2791","1300","2"
"1510","2791","1400","1"
"1512","2791","1500","1"
"1514","2791","1550","1"
"1516","2791","1600","1"
"1518","2791","1650","2"
"1520","2795","1300","5"
"1522","2795","1400","5"
"1524","2795","1500","6"
"1526","2795","1550","6"
"1528","2795","1600","7"
"1530","2795","1650","9"
"1532","2802","1300","1"
"1534","2802","1400","1"
"1536","2802","1500","2"
"1538","2802","1550","2"
"1540","2802","1600","2"
"1542","2802","1650","2"
"1544","2807","1300","2"
"1546","2807","1400","2"
"1548","2807","1500","4"
"1550","2807","1550","3"
"1552","2807","1600","3"
"1554","2807","1650","3"
"1556","2816","1300","2"
"1558","2816","1400","1"
"1560","2816","1500","3"
"1562","2816","1550","3"
"1564","2816","1600","5"
"1566","2816","1650","9"
"1568","2855","1300","2"
"1570","2855","1400","1"
"1572","2855","1500","2"
"1574","2855","1550","3"
"1576","2855","1600","5"
"1578","2855","1650","5"
"1580","2885","1300","1"
"1582","2885","1400","1"
"1584","2885","1500","1"
"1586","2885","1550","1"
"1588","2885","1600","1"
"1590","2885","1650","1"
"1592","2898","1300","10"
"1594","2898","1400","5"
"1596","2898","1500","8"
"1598","2898","1550","7"
"1600","2898","1600","6"
"1602","2898","1650","3"
"1604","2907","1300","5"
"1606","2907","1400","6"
"1608","2907","1500","6"
"1610","2907","1550","6"
"1612","2907","1600","6"
"1614","2907","1650","6"
"1616","2945","1300","2"
"1618","2945","1400","1"
"1620","2945","1500","2"
"1622","2945","1550","2"
"1624","2945","1600","3"
"1626","2945","1650","3"
"1628","2978","1300","4"
"1630","2978","1400","2"
"1632","2978","1500","2"
"1634","2978","1550","2"
"1636","2978","1600","2"
"1638","2978","1650","3"
"1640","2984","1300","1"
"1642","2984","1400","1"
"1644","2984","1500","0"
"1646","2984","1550","0"
"1648","2984","1600","0"
"1650","2984","1650","0"
"1652","2996","1300","2"
"1654","2996","1400","1"
"1656","2996","1500","2"
"1658","2996","1550","3"
"1660","2996","1600","6"
"1662","2996","1650","3"
"1664","3017","1300","3"
"1666","3017","1400","9"
"1668","3017","1500","16"
"1670","3017","1550","18"
"1672","3017","1600","13"
"1674","3017","1650","10"
"1676","3050","1300","8"
"1678","3050","1400","6"
"1680","3050","1500","10"
"1682","3050","1550","9"
"1684","3050","1600","9"
"1686","3050","1650","9"
"1688","3061","1300","1"
"1690","3061","1400","1"
"1692","3061","1500","1"
"1694","3061","1550","2"
"1696","3061","1600","2"
"1698","3061","1650","2"
"1712","3090","1300","2"
"1714","3090","1400","1"
"1716","3090","1500","2"
"1718","3090","1550","3"
"1720","3090","1600","3"
"1722","3090","1650","3"
"1724","3190","1300","0"
"1726","3190","1400","0"
"1728","3190","1500","0"
"1730","3190","1550","0"
"1732","3190","1600","0"
"1734","3190","1650","1"
"1736","3196","1300","2"
"1738","3196","1400","3"
"1740","3196","1500","6"
"1742","3196","1550","8"
"1744","3196","1600","12"
"1746","3196","1650","16"
"1748","3246","1300","2"
"1750","3246","1400","1"
"1752","3246","1500","2"
"1754","3246","1550","2"
"1756","3246","1600","2"
"1758","3246","1650","2"
"1760","3280","1300","1"
"1762","3280","1400","1"
"1764","3280","1500","3"
"1766","3280","1550","5"
"1768","3280","1600","7"
"1770","3280","1650","5"
"1772","3284","1300","5"
"1774","3284","1400","3"
"1776","3284","1500","5"
"1778","3284","1550","6"
"1780","3284","1600","7"
"1782","3284","1650","6"
"1784","3285","1300","2"
"1786","3285","1400","1"
"1788","3285","1500","1"
"1790","3285","1550","1"
"1792","3285","1600","2"
"1794","3285","1650","2"
"1796","3339","1300","2"
"1798","3339","1400","1"
"1800","3339","1500","2"
"1802","3339","1550","2"
"1804","3339","1600","2"
"1806","3339","1650","2"
"1808","3411","1300","1"
"1810","3411","1400","1"
"1812","3411","1500","1"
"1814","3411","1550","2"
"1816","3411","1600","2"
"1818","3411","1650","3"
"1820","3491","1300","2"
"1822","3491","1400","1"
"1824","3491","1500","2"
"1826","3491","1550","3"
"1828","3491","1600","3"
"1830","3491","1650","3"
"1832","3541","1300","2"
"1834","3541","1400","5"
"1836","3541","1500","7"
"1838","3541","1550","6"
"1840","3541","1600","7"
"1842","3541","1650","7"
"1844","3580","1300","4"
"1846","3580","1400","2"
"1848","3580","1500","4"
"1850","3580","1550","5"
"1852","3580","1600","6"
"1854","3580","1650","8"
"1856","3605","1300","2"
"1858","3605","1400","1"
"1860","3605","1500","2"
"1862","3605","1550","3"
"1864","3605","1600","5"
"1866","3605","1650","4"
"1868","3624","1300","4"
"1870","3624","1400","3"
"1872","3624","1500","4"
"1874","3624","1550","4"
"1876","3624","1600","5"
"1878","3624","1650","4"
"1880","3646","1300","2"
"1882","3646","1400","1"
"1884","3646","1500","3"
"1886","3646","1550","3"
"1888","3646","1600","4"
"1890","3646","1650","4"
"1892","3801","1300","2"
"1894","3801","1400","1"
"1896","3801","1500","4"
"1898","3801","1550","4"
"1900","3801","1600","3"
"1902","3801","1650","3"
"1904","3852","1300","4"
"1906","3852","1400","2"
"1908","3852","1500","1"
"1910","3852","1550","1"
"1912","3852","1600","1"
"1914","3852","1650","1"
"1916","3880","1300","3"
"1918","3880","1400","4"
"1920","3880","1500","5"
"1922","3880","1550","5"
"1924","3880","1600","6"
"1926","3880","1650","5"
"1928","3883","1300","1"
"1930","3883","1400","1"
"1932","3883","1500","2"
"1934","3883","1550","2"
"1936","3883","1600","2"
"1938","3883","1650","2"
"1940","3888","1300","44"
"1942","3888","1400","40"
"1944","3888","1500","45"
"1946","3888","1550","42"
"1948","3888","1600","40"
"1950","3888","1650","40"
"1952","3911","1300","3"
"1954","3911","1400","10"
"1956","3911","1500","9"
"1958","3911","1550","12"
"1960","3911","1600","15"
"1962","3911","1650","23"
"1964","3927","1300","3"
"1966","3927","1400","3"
"1968","3927","1500","2"
"1970","3927","1550","2"
"1972","3927","1600","3"
"1974","3927","1650","3"
"1988","3946","1300","3"
"1990","3946","1400","2"
"1992","3946","1500","3"
"1994","3946","1550","11"
"1996","3946","1600","40"
"2794","5639","1400","1"
"1998","3946","1650","51"
"2000","3976","1300","1"
"2002","3976","1400","1"
"2004","3976","1500","3"
"2006","3976","1550","3"
"2008","3976","1600","3"
"2010","3976","1650","3"
"2012","3990","1300","1"
"2014","3990","1400","1"
"2016","3990","1500","1"
"2018","3990","1550","2"
"2020","3990","1600","2"
"2022","3990","1650","3"
"2024","4000","1300","1"
"2026","4000","1400","1"
"2028","4000","1500","2"
"2030","4000","1550","3"
"2032","4000","1600","3"
"2034","4000","1650","3"
"2036","4015","1300","10"
"2038","4015","1400","10"
"2040","4015","1500","22"
"2042","4015","1550","25"
"2044","4015","1600","28"
"2046","4015","1650","29"
"2048","4038","1300","1"
"2050","4038","1400","1"
"2052","4038","1500","1"
"2054","4038","1550","1"
"2056","4038","1600","1"
"2058","4038","1650","1"
"2060","4135","1300","2"
"2062","4135","1400","1"
"2064","4135","1500","4"
"2066","4135","1550","3"
"2068","4135","1600","3"
"2070","4135","1650","3"
"2072","4168","1300","2"
"2074","4168","1400","1"
"2076","4168","1500","2"
"2078","4168","1550","2"
"2080","4168","1600","3"
"2082","4168","1650","3"
"2084","4220","1300","2"
"2086","4220","1400","1"
"2088","4220","1500","2"
"2090","4220","1550","3"
"2092","4220","1600","3"
"2094","4220","1650","3"
"2096","4249","1300","4"
"2098","4249","1400","5"
"2100","4249","1500","4"
"2102","4249","1550","4"
"2104","4249","1600","4"
"2106","4249","1650","4"
"2108","4276","1300","1"
"2110","4276","1400","1"
"2112","4276","1500","2"
"2114","4276","1550","2"
"2116","4276","1600","3"
"2118","4276","1650","3"
"2120","4309","1300","2"
"2122","4309","1400","1"
"2124","4309","1500","3"
"2126","4309","1550","3"
"2128","4309","1600","4"
"2130","4309","1650","4"
"2132","4314","1300","3"
"2134","4314","1400","2"
"2136","4314","1500","4"
"2138","4314","1550","7"
"2140","4314","1600","11"
"2142","4314","1650","16"
"2144","4329","1300","3"
"2146","4329","1400","6"
"2148","4329","1500","14"
"2150","4329","1550","13"
"2152","4329","1600","44"
"2154","4329","1650","67"
"2156","4337","1300","4"
"2158","4337","1400","3"
"2160","4337","1500","7"
"2162","4337","1550","11"
"2164","4337","1600","17"
"2166","4337","1650","18"
"2168","4349","1300","7"
"2170","4349","1400","4"
"2172","4349","1500","15"
"2174","4349","1550","13"
"2176","4349","1600","12"
"2178","4349","1650","15"
"2180","4410","1300","1"
"2182","4410","1400","1"
"2184","4410","1500","1"
"2186","4410","1550","1"
"2188","4410","1600","1"
"2190","4410","1650","1"
"2192","4436","1300","3"
"2194","4436","1400","2"
"2196","4436","1500","2"
"2198","4436","1550","4"
"2200","4436","1600","8"
"2202","4436","1650","7"
"2204","4442","1300","1"
"2206","4442","1400","4"
"2208","4442","1500","5"
"2210","4442","1550","5"
"2212","4442","1600","5"
"2214","4442","1650","5"
"2216","4502","1300","2"
"2218","4502","1400","1"
"2220","4502","1500","3"
"2222","4502","1550","3"
"2224","4502","1600","2"
"2226","4502","1650","2"
"2228","9340","1300","0"
"2230","9340","1400","1"
"2232","9340","1500","2"
"2234","9340","1550","3"
"2236","9340","1600","3"
"2238","9340","1650","4"
"2240","4589","1300","20"
"2242","4589","1400","17"
"2244","4589","1500","17"
"2246","4589","1550","12"
"2248","4589","1600","8"
"2250","4589","1650","11"
"2252","4604","1300","15"
"2254","4604","1400","17"
"2256","4604","1500","25"
"2258","4604","1550","24"
"2260","4604","1600","23"
"2262","4604","1650","23"
"2264","4612","1300","2"
"2266","4612","1400","1"
"2268","4612","1500","2"
"2270","4612","1550","3"
"2272","4612","1600","5"
"2274","4612","1650","5"
"2276","4653","1300","8"
"2278","4653","1400","5"
"2280","4653","1500","12"
"2282","4653","1550","13"
"2284","4653","1600","14"
"2286","4653","1650","12"
"2288","4680","1300","11"
"2290","4680","1400","15"
"2292","4680","1500","20"
"2294","4680","1550","24"
"2296","4680","1600","30"
"2298","4680","1650","37"
"2300","4697","1300","1"
"2302","4697","1400","1"
"2304","4697","1500","1"
"2306","4697","1550","1"
"2308","4697","1600","2"
"2310","4697","1650","2"
"2312","4698","1300","10"
"2314","4698","1400","7"
"2316","4698","1500","10"
"2318","4698","1550","14"
"2320","4698","1600","18"
"2322","4698","1650","18"
"2324","4705","1300","15"
"2326","4705","1400","10"
"2328","4705","1500","18"
"2330","4705","1550","21"
"2332","4705","1600","25"
"2334","4705","1650","16"
"2336","4716","1300","13"
"2338","4716","1400","9"
"2340","4716","1500","6"
"2342","4716","1550","9"
"2344","4716","1600","13"
"2346","4716","1650","18"
"2348","4746","1300","2"
"2350","4746","1400","1"
"2352","4746","1500","2"
"2354","4746","1550","2"
"2356","4746","1600","2"
"2358","4746","1650","3"
"2360","4753","1300","1"
"2362","4753","1400","1"
"2364","4753","1500","3"
"2366","4753","1550","4"
"2368","4753","1600","5"
"2370","4753","1650","4"
"2372","4754","1300","1"
"2374","4754","1400","0"
"2376","4754","1500","1"
"2378","4754","1550","3"
"2380","4754","1600","5"
"2382","4754","1650","4"
"2384","4769","1300","1"
"2386","4769","1400","1"
"2388","4769","1500","2"
"2390","4769","1550","2"
"2392","4769","1600","3"
"2394","4769","1650","3"
"2396","4816","1300","15"
"2398","4816","1400","10"
"2400","4816","1500","25"
"2402","4816","1550","17"
"2404","4816","1600","11"
"2406","4816","1650","15"
"2408","4850","1300","2"
"2410","4850","1400","1"
"2412","4850","1500","2"
"2414","4850","1550","3"
"2416","4850","1600","5"
"2418","4850","1650","4"
"2420","4853","1300","2"
"2422","4853","1400","1"
"2424","4853","1500","2"
"2426","4853","1550","2"
"2428","4853","1600","3"
"2430","4853","1650","3"
"2432","4871","1300","1"
"2434","4871","1400","1"
"2436","4871","1500","2"
"2438","4871","1550","2"
"2440","4871","1600","3"
"2442","4871","1650","3"
"2444","4872","1300","3"
"2446","4872","1400","4"
"2448","4872","1500","5"
"2450","4872","1550","5"
"2452","4872","1600","6"
"2454","4872","1650","4"
"2456","4880","1300","1"
"2458","4880","1400","1"
"2460","4880","1500","1"
"2462","4880","1550","1"
"2464","4880","1600","2"
"2466","4880","1650","2"
"2468","4891","1300","5"
"2470","4891","1400","3"
"2472","4891","1500","5"
"2474","4891","1550","4"
"2476","4891","1600","5"
"2478","4891","1650","4"
"2480","4958","1300","3"
"2482","4958","1400","2"
"2484","4958","1500","4"
"2486","4958","1550","4"
"2488","4958","1600","4"
"2490","4958","1650","3"
"2492","4962","1300","3"
"2494","4962","1400","2"
"2496","4962","1500","3"
"2498","4962","1550","4"
"2500","4962","1600","7"
"2502","4962","1650","10"
"2504","4969","1300","1"
"2506","4969","1400","1"
"2508","4969","1500","2"
"2510","4969","1550","2"
"2512","4969","1600","3"
"2514","4969","1650","4"
"2516","5035","1300","1"
"2518","5035","1400","1"
"2520","5035","1500","1"
"2522","5035","1550","1"
"2524","5035","1600","1"
"2526","5035","1650","1"
"2528","5064","1300","15"
"2530","5064","1400","30"
"2532","5064","1500","36"
"2534","5064","1550","54"
"2536","5064","1600","80"
"2538","5064","1650","102"
"2540","5108","1300","10"
"2542","5108","1400","7"
"2544","5108","1500","13"
"2546","5108","1550","16"
"2548","5108","1600","20"
"2550","5108","1650","20"
"2552","5113","1300","16"
"2554","5113","1400","11"
"2556","5113","1500","10"
"2558","5113","1550","10"
"2560","5113","1600","11"
"2562","5113","1650","9"
"2564","5147","1300","5"
"2566","5147","1400","6"
"2568","5147","1500","8"
"2570","5147","1550","8"
"2572","5147","1600","9"
"2574","5147","1650","10"
"2576","5153","1300","1"
"2578","5153","1400","1"
"2580","5153","1500","1"
"2582","5153","1550","1"
"2584","5153","1600","1"
"2586","5153","1650","1"
"2588","5160","1300","1"
"2590","5160","1400","1"
"2592","5160","1500","1"
"2594","5160","1550","1"
"2596","5160","1600","2"
"2598","5160","1650","2"
"2600","5165","1300","2"
"2602","5165","1400","1"
"2604","5165","1500","5"
"2606","5165","1550","6"
"2608","5165","1600","8"
"2610","5165","1650","7"
"2612","5194","1300","3"
"2614","5194","1400","4"
"2616","5194","1500","5"
"2618","5194","1550","5"
"2620","5194","1600","6"
"2622","5194","1650","6"
"2624","5224","1300","2"
"2626","5224","1400","1"
"2628","5224","1500","2"
"2630","5224","1550","2"
"2632","5224","1600","2"
"2634","5224","1650","2"
"2636","5297","1300","2"
"2638","5297","1400","1"
"2640","5297","1500","4"
"2642","5297","1550","4"
"2644","5297","1600","3"
"2646","5297","1650","3"
"2648","5304","1300","3"
"2650","5304","1400","2"
"2652","5304","1500","2"
"2654","5304","1550","2"
"2656","5304","1600","3"
"2658","5304","1650","3"
"2660","5424","1300","1"
"2662","5424","1400","1"
"2664","5424","1500","1"
"2666","5424","1550","1"
"2668","5424","1600","1"
"2670","5424","1650","1"
"2672","5430","1300","3"
"2674","5430","1400","6"
"2676","5430","1500","12"
"2678","5430","1550","10"
"2680","5430","1600","12"
"2682","5430","1650","9"
"2684","5438","1300","5"
"2686","5438","1400","6"
"2688","5438","1500","6"
"2690","5438","1550","5"
"2692","5438","1600","5"
"2694","5438","1650","5"
"2696","5453","1300","2"
"2698","5453","1400","1"
"2700","5453","1500","2"
"2702","5453","1550","2"
"2704","5453","1600","2"
"2706","5453","1650","2"
"2708","5460","1300","4"
"2710","5460","1400","3"
"2712","5460","1500","6"
"2714","5460","1550","6"
"2716","5460","1600","7"
"2718","5460","1650","7"
"2732","5474","1300","40"
"2734","5474","1400","30"
"2736","5474","1500","21"
"2738","5474","1550","20"
"2740","5474","1600","10"
"2742","5474","1650","9"
"2744","5492","1300","14"
"2746","5492","1400","6"
"2748","5492","1500","38"
"2750","5492","1550","39"
"2752","5492","1600","40"
"2754","5492","1650","40"
"2756","10539","1300","3"
"2758","10539","1400","2"
"2760","10539","1500","3"
"2762","10539","1550","4"
"2764","10539","1600","5"
"2766","10539","1650","4"
"2768","5622","1300","1"
"2770","5622","1400","1"
"2772","5622","1500","1"
"2774","5622","1550","2"
"2776","5622","1600","2"
"2778","5622","1650","2"
"2780","5623","1300","3"
"2782","5623","1400","2"
"2784","5623","1500","2"
"2786","5623","1550","2"
"2788","5623","1600","2"
"2790","5623","1650","3"
"2792","5639","1300","1"
"2796","5639","1500","2"
"2798","5639","1550","3"
"2800","5639","1600","5"
"2802","5639","1650","3"
"2804","5675","1300","2"
"2806","5675","1400","1"
"2808","5675","1500","4"
"2810","5675","1550","3"
"2812","5675","1600","2"
"2814","5675","1650","2"
"2816","5704","1300","9"
"2818","5704","1400","5"
"2820","5704","1500","6"
"2822","5704","1550","4"
"2824","5704","1600","3"
"2826","5704","1650","4"
"2828","5801","1300","7"
"2830","5801","1400","4"
"2832","5801","1500","4"
"2834","5801","1550","4"
"2836","5801","1600","5"
"2838","5801","1650","4"
"2840","5937","1300","9"
"2842","5937","1400","6"
"2844","5937","1500","12"
"2846","5937","1550","11"
"2848","5937","1600","10"
"2850","5937","1650","9"
"2852","5949","1300","1"
"2854","5949","1400","1"
"2856","5949","1500","1"
"2858","5949","1550","1"
"2860","5949","1600","2"
"2862","5949","1650","2"
"2864","5972","1300","1"
"2866","5972","1400","1"
"2868","5972","1500","1"
"2870","5972","1550","1"
"2872","5972","1600","2"
"2874","5972","1650","2"
"2876","5978","1300","7"
"2878","5978","1400","8"
"2880","5978","1500","20"
"2882","5978","1550","8"
"2884","5978","1600","3"
"2886","5978","1650","3"
"2888","5982","1300","4"
"2890","5982","1400","3"
"2892","5982","1500","4"
"2894","5982","1550","4"
"2896","5982","1600","5"
"2898","5982","1650","2"
"2900","6074","1300","6"
"2902","6074","1400","4"
"2904","6074","1500","9"
"2906","6074","1550","13"
"2908","6074","1600","20"
"2910","6074","1650","20"
"2912","6092","1300","10"
"2914","6092","1400","40"
"2916","6092","1500","30"
"2918","6092","1550","42"
"2920","6092","1600","60"
"2922","6092","1650","54"
"2924","6104","1300","4"
"2926","6104","1400","1"
"2928","6104","1500","1"
"2930","6104","1550","1"
"2932","6104","1600","1"
"2934","6104","1650","2"
"2936","6148","1300","2"
"2938","6148","1400","1"
"2940","6148","1500","2"
"2942","6148","1550","3"
"2944","6148","1600","6"
"2946","6148","1650","2"
"2948","6195","1300","3"
"2950","6195","1400","2"
"2952","6195","1500","5"
"2954","6195","1550","5"
"2956","6195","1600","6"
"2958","6195","1650","7"
"2960","6221","1300","1"
"2962","6221","1400","1"
"2964","6221","1500","1"
"2966","6221","1550","1"
"2968","6221","1600","1"
"2970","6221","1650","1"
"2972","6226","1300","1"
"2974","6226","1400","1"
"2976","6226","1500","1"
"2978","6226","1550","2"
"2980","6226","1600","2"
"2982","6226","1650","1"
"2984","6288","1300","0"
"2986","6288","1400","0"
"2988","6288","1500","0"
"2990","6288","1550","0"
"2992","6288","1600","0"
"2994","6288","1650","0"
"2996","6297","1300","1"
"2998","6297","1400","1"
"3000","6297","1500","1"
"3002","6297","1550","1"
"3004","6297","1600","1"
"3006","6297","1650","2"
"3008","6313","1300","12"
"3010","6313","1400","8"
"3012","6313","1500","22"
"3014","6313","1550","21"
"3016","6313","1600","20"
"3018","6313","1650","20"
"3020","6331","1300","1"
"3022","6331","1400","1"
"3024","6331","1500","1"
"3026","6331","1550","1"
"3028","6331","1600","1"
"3030","6331","1650","2"
"3032","6334","1300","0"
"3034","6334","1400","1"
"3036","6334","1500","2"
"3038","6334","1550","2"
"3040","6334","1600","3"
"3042","6334","1650","4"
"3044","6364","1300","1"
"3046","6364","1400","1"
"3048","6364","1500","1"
"3050","6364","1550","1"
"3052","6364","1600","2"
"3054","6364","1650","2"
"3056","6387","1300","2"
"3058","6387","1400","3"
"3060","6387","1500","5"
"3062","6387","1550","6"
"3064","6387","1600","8"
"3066","6387","1650","10"
"3068","6398","1300","2"
"3070","6398","1400","1"
"3072","6398","1500","1"
"3074","6398","1550","1"
"3076","6398","1600","2"
"3078","6398","1650","2"
"3080","6401","1300","1"
"3082","6401","1400","1"
"3084","6401","1500","1"
"3086","6401","1550","1"
"3088","6401","1600","1"
"3090","6401","1650","1"
"3092","6425","1300","7"
"3094","6425","1400","7"
"3096","6425","1500","13"
"3098","6425","1550","11"
"3100","6425","1600","10"
"3102","6425","1650","12"
"3104","6477","1300","2"
"3106","6477","1400","6"
"3108","6477","1500","7"
"3110","6477","1550","6"
"3112","6477","1600","5"
"3114","6477","1650","4"
"3116","6517","1300","1"
"3118","6517","1400","1"
"3120","6517","1500","2"
"3122","6517","1550","2"
"3124","6517","1600","2"
"3126","6517","1650","3"
"3128","6545","1300","10"
"3130","6545","1400","13"
"3132","6545","1500","10"
"3134","6545","1550","12"
"3136","6545","1600","15"
"3138","6545","1650","11"
"3140","6554","1300","5"
"3142","6554","1400","6"
"3144","6554","1500","6"
"3146","6554","1550","6"
"3148","6554","1600","5"
"3150","6554","1650","5"
"3152","6562","1300","1"
"3154","6562","1400","2"
"3156","6562","1500","5"
"3158","6562","1550","7"
"3160","6562","1600","19"
"3162","6562","1650","45"
"3164","6653","1300","0"
"3166","6653","1400","0"
"3168","6653","1500","1"
"3170","6653","1550","2"
"3172","6653","1600","3"
"3174","6653","1650","3"
"3176","6686","1300","2"
"3178","6686","1400","1"
"3180","6686","1500","2"
"3182","6686","1550","3"
"3184","6686","1600","4"
"3186","6686","1650","4"
"3188","6705","1300","1"
"3190","6705","1400","1"
"3192","6705","1500","1"
"3194","6705","1550","1"
"3196","6705","1600","1"
"3198","6705","1650","1"
"3200","6712","1300","3"
"3202","6712","1400","2"
"3204","6712","1500","5"
"3206","6712","1550","6"
"3208","6712","1600","7"
"3210","6712","1650","5"
"3212","6728","1300","3"
"3214","6728","1400","2"
"3216","6728","1500","3"
"3218","6728","1550","4"
"3220","6728","1600","5"
"3222","6728","1650","4"
"3224","6758","1300","0"
"3226","6758","1400","0"
"3228","6758","1500","0"
"3230","6758","1550","0"
"3232","6758","1600","0"
"3234","6758","1650","0"
"3236","6791","1300","1"
"3238","6791","1400","1"
"3240","6791","1500","0"
"3242","6791","1550","0"
"3244","6791","1600","0"
"3246","6791","1650","0"
"3248","6820","1300","1"
"3250","6820","1400","1"
"3252","6820","1500","1"
"3254","6820","1550","1"
"3256","6820","1600","1"
"3258","6820","1650","1"
"3260","6840","1300","1"
"3262","6840","1400","2"
"3264","6840","1500","4"
"3266","6840","1550","4"
"3268","6840","1600","5"
"3270","6840","1650","7"
"3272","6880","1300","3"
"3274","6880","1400","2"
"3276","6880","1500","2"
"3278","6880","1550","3"
"3280","6880","1600","3"
"3282","6880","1650","4"
"3284","7018","1300","2"
"3286","7018","1400","1"
"3288","7018","1500","3"
"3290","7018","1550","1"
"3292","7018","1600","2"
"3294","7018","1650","2"
"3296","7115","1300","2"
"3298","7115","1400","2"
"3300","7115","1500","3"
"3302","7115","1550","3"
"3304","7115","1600","3"
"3306","7115","1650","3"
"3308","7153","1300","5"
"3310","7153","1400","4"
"3312","7153","1500","4"
"3314","7153","1550","4"
"3316","7153","1600","5"
"3318","7153","1650","5"
"3320","7216","1300","25"
"3322","7216","1400","25"
"3324","7216","1500","50"
"3326","7216","1550","47"
"3328","7216","1600","44"
"3330","7216","1650","42"
"3332","7220","1300","2"
"3334","7220","1400","2"
"3336","7220","1500","3"
"3338","7220","1550","3"
"3340","7220","1600","3"
"3342","7220","1650","4"
"3344","7230","1300","12"
"3346","7230","1400","8"
"3348","7230","1500","10"
"3350","7230","1550","10"
"3352","7230","1600","10"
"3354","7230","1650","7"
"3356","7242","1300","2"
"3358","7242","1400","1"
"3360","7242","1500","1"
"3362","7242","1550","1"
"3364","7242","1600","1"
"3366","7242","1650","1"
"3368","7281","1300","1"
"3370","7281","1400","1"
"3372","7281","1500","1"
"3374","7281","1550","1"
"3376","7281","1600","2"
"3378","7281","1650","2"
"3380","7321","1300","2"
"3382","7321","1400","1"
"3384","7321","1500","2"
"3386","7321","1550","2"
"3388","7321","1600","2"
"3390","7321","1650","3"
"3392","7340","1300","2"
"3394","7340","1400","1"
"3396","7340","1500","4"
"3398","7340","1550","4"
"3400","7340","1600","4"
"3402","7340","1650","5"
"3404","7343","1300","2"
"3406","7343","1400","1"
"3408","7343","1500","4"
"3410","7343","1550","4"
"3412","7343","1600","5"
"3414","7343","1650","2"
"3416","7405","1300","2"
"3418","7405","1400","6"
"3420","7405","1500","6"
"3422","7405","1550","5"
"3424","7405","1600","4"
"3426","7405","1650","4"
"3428","7413","1300","6"
"3430","7413","1400","4"
"3432","7413","1500","9"
"3434","7413","1550","10"
"3436","7413","1600","12"
"3438","7413","1650","11"
"3440","7442","1300","2"
"3442","7442","1400","1"
"3444","7442","1500","4"
"3446","7442","1550","3"
"3448","7442","1600","3"
"3450","7442","1650","2"
"3452","7461","1300","12"
"3454","7461","1400","15"
"3456","7461","1500","11"
"3458","7461","1550","13"
"3460","7461","1600","15"
"3462","7461","1650","12"
"3464","7529","1300","1"
"3466","7529","1400","1"
"3468","7529","1500","2"
"3470","7529","1550","3"
"3472","7529","1600","4"
"3474","7529","1650","4"
"3476","7612","1300","1"
"3478","7612","1400","1"
"3480","7612","1500","1"
"3482","7612","1550","2"
"3484","7612","1600","2"
"3486","7612","1650","1"
"3488","7696","1300","2"
"3490","7696","1400","3"
"3492","7696","1500","11"
"3494","7696","1550","15"
"3496","7696","1600","20"
"3498","7696","1650","15"
"3500","7714","1300","3"
"3502","7714","1400","2"
"3504","7714","1500","3"
"3506","7714","1550","3"
"3508","7714","1600","2"
"3510","7714","1650","2"
"3512","7715","1300","5"
"3514","7715","1400","3"
"3516","7715","1500","9"
"3518","7715","1550","6"
"3520","7715","1600","4"
"3522","7715","1650","4"
"3524","7719","1300","1"
"3526","7719","1400","1"
"3528","7719","1500","2"
"3530","7719","1550","3"
"3532","7719","1600","4"
"3534","7719","1650","5"
"3536","7722","1300","1"
"3538","7722","1400","1"
"3540","7722","1500","2"
"3542","7722","1550","2"
"3544","7722","1600","3"
"3546","7722","1650","4"
"3548","7751","1300","5"
"3550","7751","1400","3"
"3552","7751","1500","8"
"3554","7751","1550","7"
"3556","7751","1600","6"
"3558","7751","1650","5"
"3560","7760","1300","1"
"3562","7760","1400","2"
"3564","7760","1500","3"
"3566","7760","1550","4"
"3568","7760","1600","6"
"3570","7760","1650","5"
"3572","7767","1300","2"
"3574","7767","1400","1"
"3576","7767","1500","2"
"3578","7767","1550","2"
"3580","7767","1600","3"
"3582","7767","1650","3"
"3584","7768","1300","2"
"3586","7768","1400","2"
"3588","7768","1500","3"
"3590","7768","1550","3"
"3592","7768","1600","4"
"3594","7768","1650","4"
"3596","7814","1300","11"
"3598","7814","1400","10"
"3600","7814","1500","8"
"3602","7814","1550","6"
"3604","7814","1600","5"
"3606","7814","1650","4"
"3608","7821","1300","0"
"3610","7821","1400","1"
"3612","7821","1500","2"
"3614","7821","1550","3"
"3616","7821","1600","2"
"3618","7821","1650","1"
"3620","7850","1300","2"
"3622","7850","1400","1"
"3624","7850","1500","2"
"3626","7850","1550","3"
"3628","7850","1600","4"
"3630","7850","1650","5"
"3632","7912","1300","7"
"3634","7912","1400","9"
"3636","7912","1500","16"
"3638","7912","1550","18"
"3640","7912","1600","21"
"3642","7912","1650","14"
"3644","7919","1300","2"
"3646","7919","1400","1"
"3648","7919","1500","3"
"3650","7919","1550","4"
"3652","7919","1600","5"
"3654","7919","1650","2"
"3656","7944","1300","6"
"3658","7944","1400","13"
"3660","7944","1500","25"
"3662","7944","1550","27"
"3664","7944","1600","30"
"3666","7944","1650","30"
"3668","7984","1300","2"
"3670","7984","1400","1"
"3672","7984","1500","1"
"3674","7984","1550","2"
"3676","7984","1600","2"
"3678","7984","1650","2"
"3680","7991","1300","1"
"3682","7991","1400","1"
"3684","7991","1500","1"
"3686","7991","1550","1"
"3688","7991","1600","1"
"3690","7991","1650","1"
"3692","7992","1300","0"
"3694","7992","1400","1"
"3696","7992","1500","2"
"3698","7992","1550","2"
"3700","7992","1600","2"
"3702","7992","1650","3"
"3704","8000","1300","1"
"3706","8000","1400","1"
"3708","8000","1500","3"
"3710","8000","1550","4"
"3712","8000","1600","5"
"3714","8000","1650","6"
"3716","8005","1300","2"
"3718","8005","1400","1"
"3720","8005","1500","2"
"3722","8005","1550","3"
"3724","8005","1600","4"
"3726","8005","1650","4"
"3728","8038","1300","4"
"3730","8038","1400","3"
"3732","8038","1500","3"
"3734","8038","1550","4"
"3736","8038","1600","5"
"3738","8038","1650","5"
"3740","8041","1300","2"
"3742","8041","1400","1"
"3744","8041","1500","2"
"3746","8041","1550","2"
"3748","8041","1600","2"
"3750","8041","1650","3"
"3752","8185","1300","2"
"3754","8185","1400","1"
"3756","8185","1500","2"
"3758","8185","1550","3"
"3760","8185","1600","5"
"3762","8185","1650","4"
"3764","8205","1300","2"
"3766","8205","1400","1"
"3768","8205","1500","5"
"3770","8205","1550","8"
"3772","8205","1600","12"
"3774","8205","1650","13"
"3776","8229","1300","1"
"3778","8229","1400","1"
"3780","8229","1500","1"
"3782","8229","1550","1"
"3784","8229","1600","2"
"3786","8229","1650","2"
"3788","8242","1300","1"
"3790","8242","1400","1"
"3792","8242","1500","5"
"3794","8242","1550","6"
"3796","8242","1600","5"
"3798","8242","1650","5"
"3812","8272","1300","2"
"3814","8272","1400","1"
"3816","8272","1500","1"
"3818","8272","1550","2"
"3820","8272","1600","2"
"3822","8272","1650","3"
"3824","8323","1300","2"
"3826","8323","1400","1"
"3828","8323","1500","2"
"3830","8323","1550","2"
"3832","8323","1600","2"
"3834","8323","1650","2"
"3836","8345","1300","3"
"3838","8345","1400","6"
"3840","8345","1500","6"
"3842","8345","1550","6"
"3844","8345","1600","6"
"3846","8345","1650","5"
"3848","8379","1300","6"
"3850","8379","1400","4"
"3852","8379","1500","2"
"3854","8379","1550","3"
"3856","8379","1600","3"
"3858","8379","1650","3"
"3860","8428","1300","1"
"3862","8428","1400","1"
"3864","8428","1500","1"
"3866","8428","1550","1"
"3868","8428","1600","1"
"3870","8428","1650","1"
"3872","8461","1300","3"
"3874","8461","1400","7"
"3876","8461","1500","20"
"3878","8461","1550","28"
"3880","8461","1600","40"
"3882","8461","1650","40"
"3884","8488","1300","1"
"3886","8488","1400","1"
"3888","8488","1500","1"
"3890","8488","1550","1"
"3892","8488","1600","2"
"3894","8488","1650","2"
"3896","8505","1300","8"
"3898","8505","1400","6"
"3900","8505","1500","9"
"3902","8505","1550","5"
"3904","8505","1600","3"
"3906","8505","1650","4"
"3908","8513","1300","3"
"3910","8513","1400","2"
"3912","8513","1500","2"
"3914","8513","1550","2"
"3916","8513","1600","3"
"3918","8513","1650","4"
"3920","8580","1300","2"
"3922","8580","1400","1"
"3924","8580","1500","2"
"3926","8580","1550","3"
"3928","8580","1600","4"
"3930","8580","1650","6"
"3932","8597","1300","1"
"3934","8597","1400","1"
"3936","8597","1500","1"
"3938","8597","1550","1"
"3940","8597","1600","1"
"3942","8597","1650","1"
"3944","8612","1300","0"
"3946","8612","1400","1"
"3948","8612","1500","2"
"3950","8612","1550","2"
"3952","8612","1600","2"
"3954","8612","1650","3"
"3956","8654","1300","7"
"3958","8654","1400","6"
"3960","8654","1500","7"
"3962","8654","1550","8"
"3964","8654","1600","10"
"3966","8654","1650","12"
"3968","8704","1300","0"
"3970","8704","1400","0"
"3972","8704","1500","0"
"3974","8704","1550","0"
"3976","8704","1600","5"
"3978","8704","1650","5"
"3980","8752","1300","2"
"3982","8752","1400","1"
"3984","8752","1500","2"
"3986","8752","1550","2"
"3988","8752","1600","2"
"3990","8752","1650","3"
"3992","8754","1300","2"
"3994","8754","1400","1"
"3996","8754","1500","1"
"3998","8754","1550","2"
"4000","8754","1600","2"
"4002","8754","1650","3"
"4004","8763","1300","9"
"4006","8763","1400","5"
"4008","8763","1500","6"
"4010","8763","1550","6"
"4012","8763","1600","7"
"4014","8763","1650","7"
"4016","8807","1300","2"
"4018","8807","1400","5"
"4020","8807","1500","5"
"4022","8807","1550","6"
"4024","8807","1600","6"
"4026","8807","1650","7"
"4028","8819","1300","1"
"4030","8819","1400","1"
"4032","8819","1500","0"
"4034","8819","1550","0"
"4036","8819","1600","1"
"4038","8819","1650","1"
"4040","8827","1300","2"
"4042","8827","1400","1"
"4044","8827","1500","1"
"4046","8827","1550","2"
"4048","8827","1600","3"
"4050","8827","1650","3"
"4052","8844","1300","1"
"4054","8844","1400","1"
"4056","8844","1500","1"
"4058","8844","1550","2"
"4060","8844","1600","2"
"4062","8844","1650","3"
"4064","8853","1300","4"
"4066","8853","1400","6"
"4068","8853","1500","3"
"4070","8853","1550","6"
"4072","8853","1600","5"
"4074","8853","1650","5"
"4076","8862","1300","3"
"4078","8862","1400","2"
"4080","8862","1500","4"
"4082","8862","1550","5"
"4084","8862","1600","6"
"4086","8862","1650","5"
"4088","8866","1300","3"
"4090","8866","1400","3"
"4092","8866","1500","7"
"4094","8866","1550","7"
"4096","8866","1600","9"
"4098","8866","1650","11"
"4100","8876","1300","8"
"4102","8876","1400","5"
"4104","8876","1500","7"
"4106","8876","1550","7"
"4108","8876","1600","20"
"4110","8876","1650","27"
"4112","8901","1300","0"
"4114","8901","1400","1"
"4116","8901","1500","4"
"4118","8901","1550","4"
"4120","8901","1600","5"
"4122","8901","1650","6"
"4124","8902","1300","2"
"4126","8902","1400","2"
"4128","8902","1500","3"
"4130","8902","1550","4"
"4132","8902","1600","5"
"4134","8902","1650","3"
"4136","981","1300","12"
"4138","981","1400","10"
"4140","981","1500","25"
"4142","981","1550","32"
"4144","981","1600","40"
"4146","981","1650","40"
"4148","8950","1300","0"
"4150","8950","1400","1"
"4152","8950","1500","2"
"4154","8950","1550","3"
"4156","8950","1600","3"
"4158","8950","1650","2"
"4160","11875","1300","1"
"4162","11875","1400","1"
"4164","11875","1500","1"
"4166","11875","1550","1"
"4168","11875","1600","1"
"4170","11875","1650","1"
"4172","10318","1300","2"
"4174","10318","1400","1"
"4176","10318","1500","1"
"4178","10318","1550","1"
"4180","10318","1600","2"
"4182","10318","1650","2"
"4184","10547","1300","2"
"4186","10547","1400","1"
"4188","10547","1500","2"
"4190","10547","1550","3"
"4192","10547","1600","4"
"4194","10547","1650","5"
"4198","11862","1300","3"
"4200","11862","1400","2"
"4202","11862","1500","5"
"4204","11862","1550","8"
"4206","11862","1600","12"
"4208","11862","1650","14"
"4210","11861","1300","2"
"4212","11861","1400","1"
"4214","11861","1500","4"
"4216","11861","1550","4"
"4218","11861","1600","5"
"4220","11861","1650","5"
"4222","11913","1300","2"
"4224","11913","1400","1"
"4226","11913","1500","2"
"4228","11913","1550","2"
"4230","11913","1600","2"
"4232","11913","1650","3"
"4234","11918","1300","2"
"4236","11918","1400","1"
"4238","11918","1500","2"
"4240","11918","1550","2"
"4242","11918","1600","2"
"4244","11918","1650","3"
"4246","11915","1300","2"
"4248","11915","1400","1"
"4250","11915","1500","4"
"4252","11915","1550","5"
"4254","11915","1600","7"
"4256","11915","1650","11"
"4258","9608","1300","2"
"4260","9608","1400","1"
"4262","9608","1500","1"
"4264","9608","1550","1"
"4266","9608","1600","2"
"4268","9608","1650","2"
"4270","11709","1300","7"
"4272","11709","1400","5"
"4274","11709","1500","6"
"4276","11709","1550","7"
"4278","11709","1600","8"
"4280","11709","1650","4"
"4282","10545","1300","1"
"4284","10545","1400","1"
"4286","10545","1500","1"
"4288","10545","1550","1"
"4290","10545","1600","1"
"4292","10545","1650","2"
"4294","10688","1300","2"
"4296","10688","1400","1"
"4298","10688","1500","2"
"4300","10688","1550","1"
"4302","10688","1600","1"
"4304","10688","1650","1"
"4306","10698","1300","1"
"4308","10698","1400","3"
"4310","10698","1500","5"
"4312","10698","1550","5"
"4314","10698","1600","5"
"4316","10698","1650","5"
"4318","12882","1300","0"
"4320","12882","1400","1"
"4322","12882","1500","1"
"4324","12882","1550","1"
"4326","12882","1600","1"
"4328","12882","1650","1"
"4473","17567","1300","11"
"4475","17567","1400","10"
"4477","17567","1500","10"
"4479","17567","1550","7"
"4481","17567","1600","5"
"4483","17567","1650","8"
"4485","17568","1300","6"
"4487","17568","1400","9"
"4489","17568","1500","15"
"4491","17568","1550","15"
"4493","17568","1600","16"
"4495","17568","1650","15"
"4497","17569","1300","5"
"4499","17569","1400","4"
"4501","17569","1500","6"
"4503","17569","1550","8"
"4505","17569","1600","10"
"4507","17569","1650","10"
"4509","17570","1300","5"
"4511","17570","1400","3"
"4513","17570","1500","6"
"4515","17570","1550","5"
"4517","17570","1600","5"
"4519","17570","1650","5"
"4521","17571","1300","1"
"4523","17571","1400","1"
"4525","17571","1500","1"
"4527","17571","1550","1"
"4529","17571","1600","1"
"4531","17571","1650","1"
"4533","17573","1300","2"
"4535","17573","1400","1"
"4537","17573","1500","4"
"4539","17573","1550","4"
"4541","17573","1600","3"
"4543","17573","1650","3"
"4545","17574","1300","1"
"4547","17574","1400","2"
"4549","17574","1500","3"
"4551","17574","1550","4"
"4553","17574","1600","5"
"4555","17574","1650","6"
"4557","17578","1300","4"
"4559","17578","1400","3"
"4561","17578","1500","5"
"4563","17578","1550","5"
"4565","17578","1600","4"
"4567","17578","1650","4"
"4569","17582","1300","10"
"4571","17582","1400","7"
"4573","17582","1500","15"
"4575","17582","1550","15"
"4577","17582","1600","15"
"4579","17582","1650","17"
"4581","17588","1300","30"
"4583","17588","1400","22"
"4585","17588","1500","26"
"4587","17588","1550","29"
"4589","17588","1600","33"
"4591","17588","1650","45"
"4593","17589","1300","2"
"4595","17589","1400","1"
"4597","17589","1500","1"
"4599","17589","1550","1"
"4601","17589","1600","1"
"4603","17589","1650","1"
"4605","17592","1300","1"
"4607","17592","1400","0"
"4609","17592","1500","1"
"4611","17592","1550","2"
"4613","17592","1600","2"
"4615","17592","1650","3"
"4617","17594","1300","3"
"4619","17594","1400","2"
"4621","17594","1500","3"
"4623","17594","1550","3"
"4625","17594","1600","4"
"4627","17594","1650","4"
"4629","17596","1300","2"
"4631","17596","1400","1"
"4633","17596","1500","1"
"4635","17596","1550","2"
"4637","17596","1600","2"
"4639","17596","1650","3"
"4641","17598","1300","2"
"4643","17598","1400","1"
"4645","17598","1500","5"
"4647","17598","1550","5"
"4649","17598","1600","5"
"4651","17598","1650","5"
"4653","17605","1300","30"
"4655","17605","1400","10"
"4657","17605","1500","11"
"4659","17605","1550","15"
"4661","17605","1600","20"
"4663","17605","1650","17"
"4665","17606","1300","2"
"4667","17606","1400","1"
"4669","17606","1500","1"
"4671","17606","1550","1"
"4673","17606","1600","2"
"4675","17606","1650","2"
"4677","17608","1300","2"
"4679","17608","1400","3"
"4681","17608","1500","12"
"4683","17608","1550","7"
"4685","17608","1600","4"
"4687","17608","1650","4"
"4689","17610","1300","2"
"4691","17610","1400","1"
"4693","17610","1500","1"
"4695","17610","1550","1"
"4697","17610","1600","2"
"4699","17610","1650","2"
"4701","17611","1300","10"
"4703","17611","1400","7"
"4705","17611","1500","10"
"4707","17611","1550","11"
"4709","17611","1600","11"
"4711","17611","1650","12"
"4713","17612","1300","2"
"4715","17612","1400","1"
"4717","17612","1500","2"
"4719","17612","1550","2"
"4721","17612","1600","2"
"4723","17612","1650","2"
"4725","17620","1300","1"
"4727","17620","1400","1"
"4729","17620","1500","1"
"4731","17620","1550","1"
"4733","17620","1600","2"
"4735","17620","1650","2"
"4737","17622","1300","4"
"4739","17622","1400","3"
"4741","17622","1500","7"
"4743","17622","1550","8"
"4745","17622","1600","10"
"4747","17622","1650","11"
"4749","17625","1300","11"
"4751","17625","1400","7"
"4753","17625","1500","11"
"4755","17625","1550","9"
"4757","17625","1600","8"
"4759","17625","1650","11"
"4761","17627","1300","2"
"4763","17627","1400","1"
"4765","17627","1500","2"
"4767","17627","1550","2"
"4769","17627","1600","2"
"4771","17627","1650","3"
"4773","17632","1300","20"
"4775","17632","1400","40"
"4777","17632","1500","35"
"4779","17632","1550","26"
"4781","17632","1600","20"
"4783","17632","1650","24"
"4785","17633","1300","4"
"4787","17633","1400","3"
"4789","17633","1500","7"
"4791","17633","1550","7"
"4793","17633","1600","7"
"4795","17633","1650","5"
"4797","17634","1300","2"
"4799","17634","1400","1"
"4801","17634","1500","1"
"4803","17634","1550","1"
"4805","17634","1600","2"
"4807","17634","1650","2"
"4809","17635","1300","3"
"4811","17635","1400","2"
"4813","17635","1500","4"
"4815","17635","1550","5"
"4817","17635","1600","7"
"4819","17635","1650","9"
"4821","17670","1300","4"
"4823","17670","1400","3"
"4825","17670","1500","5"
"4827","17670","1550","4"
"4829","17670","1600","4"
"4831","17670","1650","3"
"4833","17672","1300","8"
"4835","17672","1400","10"
"4837","17672","1500","11"
"4839","17672","1550","11"
"4841","17672","1600","12"
"4843","17672","1650","12"
"4845","17673","1300","2"
"4847","17673","1400","1"
"4849","17673","1500","1"
"4851","17673","1550","1"
"4853","17673","1600","2"
"4855","17673","1650","2"
"4857","17674","1300","3"
"4859","17674","1400","2"
"4861","17674","1500","3"
"4863","17674","1550","3"
"4865","17674","1600","3"
"4867","17674","1650","4"
"4869","17677","1300","2"
"4871","17677","1400","1"
"4873","17677","1500","2"
"4875","17677","1550","2"
"4877","17677","1600","2"
"4879","17677","1650","3"
"4881","17683","1300","2"
"4883","17683","1400","1"
"4885","17683","1500","1"
"4887","17683","1550","1"
"4889","17683","1600","2"
"4891","17683","1650","2"
"4893","17685","1300","1"
"4895","17685","1400","1"
"4897","17685","1500","1"
"4899","17685","1550","2"
"4901","17685","1600","2"
"4903","17685","1650","2"
"4905","17705","1300","2"
"4907","17705","1400","1"
"4909","17705","1500","2"
"4911","17705","1550","2"
"4913","17705","1600","2"
"4915","17705","1650","3"
"4917","17715","1300","1"
"4919","17715","1400","1"
"4921","17715","1500","2"
"4923","17715","1550","2"
"4925","17715","1600","2"
"4927","17715","1650","2"
"4929","17734","1300","1"
"4931","17734","1400","1"
"4933","17734","1500","2"
"4935","17734","1550","2"
"4937","17734","1600","3"
"4939","17734","1650","3"
"4941","18118","1300","1"
"4943","18118","1400","1"
"4945","18118","1500","2"
"4947","18118","1550","3"
"4949","18118","1600","4"
"4951","18118","1650","4"
"4953","18124","1300","0"
"4955","18124","1400","0"
"4957","18124","1500","0"
"4959","18124","1550","1"
"4961","18124","1600","1"
"4965","18125","1300","0"
"4967","18125","1400","0"
"4969","18125","1500","0"
"4971","18125","1550","0"
"4973","18125","1600","1"
"4975","18125","1650","1"
"4977","18126","1300","0"
"4979","18126","1400","0"
"4981","18126","1500","0"
"4983","18126","1550","0"
"4985","18126","1600","1"
"4987","18126","1650","1"
"4989","18426","1300","3"
"4991","18426","1400","2"
"4993","18426","1500","4"
"4995","18426","1550","4"
"4997","18426","1600","5"
"4999","18426","1650","2"
"5001","18436","1300","17"
"5003","18436","1400","10"
"5005","18436","1500","6"
"5007","18436","1550","8"
"5009","18436","1600","10"
"5011","18436","1650","3"
"5013","18508","1300","3"
"5015","18508","1400","2"
"5017","18508","1500","3"
"5019","18508","1550","3"
"5021","18508","1600","4"
"5023","18508","1650","3"
"5025","18662","1300","10"
"5027","18662","1400","5"
"5029","18662","1500","8"
"5031","18662","1550","7"
"5033","18662","1600","6"
"5035","18662","1650","3"
"5037","18686","1300","2"
"5039","18686","1400","1"
"5041","18686","1500","1"
"5043","18686","1550","1"
"5045","18686","1600","2"
"5047","18686","1650","2"
"5049","18726","1300","1"
"5051","18726","1400","1"
"5053","18726","1500","1"
"5055","18726","1550","1"
"5057","18726","1600","1"
"5059","18726","1650","4"
"5061","19197","1300","2"
"5063","19197","1400","1"
"5065","19197","1500","2"
"5067","19197","1550","3"
"5069","19197","1600","4"
"5071","19197","1650","4"
"5073","17630","1300","1"
"5075","17630","1400","1"
"5077","17630","1500","1"
"5079","17630","1550","1"
"5081","17630","1600","2"
"5083","17630","1650","2"
"1","19321","1300","9"
"2","19321","1400","5"
"3","19321","1500","13"
"4","19321","1550","10"
"5","19321","1600","8"
"6","19321","1650","4"
"5101","19362","1300","9"
"5102","19362","1400","6"
"5103","19362","1500","20"
"5104","19362","1550","22"
"5105","19362","1600","25"
"5106","19362","1650","30"
"5107","19776","1300","2"
"5108","19776","1400","1"
"5109","19776","1500","2"
"5110","19776","1550","2"
"5111","19776","1600","3"
"5112","19776","1650","3"
"5113","19675","1300","3"
"5114","19675","1400","2"
"5115","19675","1500","3"
"5116","19675","1550","3"
"5117","19675","1600","4"
"5118","19675","1650","5"
"5119","19290","1300","2"
"5120","19290","1400","1"
"5121","19290","1500","3"
"5122","19290","1550","3"
"5123","19290","1600","3"
"5124","19290","1650","4"
"5125","19725","1300","5"
"5126","19725","1400","3"
"5127","19725","1500","5"
"5128","19725","1550","7"
"5129","19725","1600","9"
"5130","19725","1650","12"
"5131","20318","1300","0"
"5132","20318","1400","1"
"5133","20318","1500","1"
"5134","20318","1550","1"
"5135","20318","1600","2"
"5136","20318","1650","2"
"5143","20174","1300","0"
"5144","20174","1400","1"
"5145","20174","1500","1"
"5146","20174","1550","1"
"5147","20174","1600","1"
"5148","20174","1650","2"
"5167","19960","1300","0"
"5168","19960","1400","1"
"5169","19960","1500","1"
"5170","19960","1550","2"
"5171","19960","1600","2"
"5172","19960","1650","2"
"5173","19672","1300","2"
"5174","19672","1400","1"
"5175","19672","1500","2"
"5176","19672","1550","2"
"5177","19672","1600","3"
"5178","19672","1650","4"
"5179","19681","1300","70"
"5180","19681","1400","45"
"5181","19681","1500","50"
"5182","19681","1550","100"
"5183","19681","1600","200"
"5184","19681","1650","339"
"5185","19655","1300","3"
"5186","19655","1400","5"
"5187","19655","1500","7"
"5188","19655","1550","8"
"5189","19655","1600","9"
"5190","19655","1650","19"
"5191","19656","1300","3"
"5192","19656","1400","2"
"5193","19656","1500","3"
"5194","19656","1550","3"
"5195","19656","1600","3"
"5196","19656","1650","3"
"5197","19654","1300","7"
"5198","19654","1400","4"
"5199","19654","1500","7"
"5200","19654","1550","7"
"5201","19654","1600","8"
"5202","19654","1650","9"
"4963","19786","1650","1"
