?i	?coord	?label	?inception	?firstMention	?dissolved	?when	?start	?end	?orders	?diocese	?partOf	?sitelinks	?types
<http://www.wikidata.org/entity/Q1003616>	POINT(-0.071300 51.507000)	"St Katharine Docks"@en	1828-01-01T00:00:00Z									10	"http://www.wikidata.org/entity/Q721207"
<http://www.wikidata.org/entity/Q10351973>	POINT(-16.909444 32.641944)	"Port of Funchal"@en	1425-01-01T00:00:00Z									7	"http://www.wikidata.org/entity/Q44782"
<http://www.wikidata.org/entity/Q1068204>	POINT(0.527778 51.397222)	"Chatham Dockyard"@en	1567-01-01T00:00:00Z		1984-01-01T00:00:00Z							15	"http://www.wikidata.org/entity/Q7374547"
<http://www.wikidata.org/entity/Q108600307>	POINT(4.461250 51.896770)	"Sint-Janshaven"@en	1890-01-01T00:00:00Z								"http://www.wikidata.org/entity/Q1027807"	1	"http://www.wikidata.org/entity/Q44782"
<http://www.wikidata.org/entity/Q108730996>	POINT(18.579611 54.437448)	"Harbour in Sopot, Poland"@en	1914-01-01T00:00:00Z									2	"http://www.wikidata.org/entity/Q44782"
<http://www.wikidata.org/entity/Q113571957>	POINT(12.858083 56.655194)	"Port of Halmstad"@en	1850-01-01T00:00:00Z									8	"http://www.wikidata.org/entity/Q15310171|http://www.wikidata.org/entity/Q44782|http://www.wikidata.org/entity/Q4830453"
<http://www.wikidata.org/entity/Q11895812>	POINT(24.970631 60.177526)	"Sörnäinen Harbour"@en	1863-01-01T00:00:00Z									4	"http://www.wikidata.org/entity/Q283202|http://www.wikidata.org/entity/Q56257551|http://www.wikidata.org/entity/Q721207|http://www.wikidata.org/entity/Q863454"
<http://www.wikidata.org/entity/Q12019992>	POINT(14.455931 50.108725)	"Holešovický přístav"@en	1900-01-01T00:00:00Z									2	"http://www.wikidata.org/entity/Q863915"
<http://www.wikidata.org/entity/Q123054605>	POINT(14.265555 57.796111)	"Rosendala pier"@en	1853-01-01T00:00:00Z									1	"http://www.wikidata.org/entity/Q44782"
<http://www.wikidata.org/entity/Q12310581>	POINT(8.440560 55.461490)	"Port of Esbjerg"@en	1868-01-01T00:00:00Z									7	"http://www.wikidata.org/entity/Q44782"
<http://www.wikidata.org/entity/Q124372665>	POINT(-4.448560 54.932730)	"Carty Port"@en	1828-01-01T00:00:00Z									0	"http://www.wikidata.org/entity/Q3543043|http://www.wikidata.org/entity/Q44782"
<http://www.wikidata.org/entity/Q125510957>	POINT(10.858433 53.954747)	"Böbs-Werft"@en	1912-11-01T00:00:00Z									1	"http://www.wikidata.org/entity/Q190928|http://www.wikidata.org/entity/Q721207"
<http://www.wikidata.org/entity/Q12635866>	POINT(13.846667 44.875000)	"Luka Pula"@en	-0100-01-01T00:00:00Z									4	"http://www.wikidata.org/entity/Q44782"
<http://www.wikidata.org/entity/Q1264245>	POINT(6.760000 51.452500)	"Port of Duisburg"@en	1716-01-01T00:00:00Z									8	"http://www.wikidata.org/entity/Q839954|http://www.wikidata.org/entity/Q863915"
<http://www.wikidata.org/entity/Q132190920>	POINT(40.068247 59.470572)	"Sokol"@en	1914-01-01T00:00:00Z									1	"http://www.wikidata.org/entity/Q134161|http://www.wikidata.org/entity/Q863915"
<http://www.wikidata.org/entity/Q135414423>	POINT(5.946833 52.681139)	"Binnenhaven"@en	1823-01-01T00:00:00Z									1	"http://www.wikidata.org/entity/Q863915"
<http://www.wikidata.org/entity/Q138521888>	POINT(13.012504 43.846689)	"Darsena Borghese"@en	1618-01-01T00:00:00Z									1	"http://www.wikidata.org/entity/Q44782"
<http://www.wikidata.org/entity/Q1389101>	POINT(9.737400 55.557800)	"Fredericia harbour"@en	1808-01-01T00:00:00Z									3	"http://www.wikidata.org/entity/Q44782"
<http://www.wikidata.org/entity/Q140539427>	POINT(1.961972 47.903583)		1910-01-01T00:00:00Z									0	"http://www.wikidata.org/entity/Q44782"
<http://www.wikidata.org/entity/Q140539669>	POINT(1.940676 47.902507)		1834-01-01T00:00:00Z									0	"http://www.wikidata.org/entity/Q44782"
<http://www.wikidata.org/entity/Q141250220>	POINT(16.647500 58.346944)	"Björnvik harbour"@en	1912-01-01T00:00:00Z		1927-01-01T00:00:00Z							1	"http://www.wikidata.org/entity/Q44782"
<http://www.wikidata.org/entity/Q1532886>	POINT(20.994444 56.527778)	"Port of Liepāja"@en		1263-01-01T00:00:00Z								14	"http://www.wikidata.org/entity/Q44782"
<http://www.wikidata.org/entity/Q1567864>	POINT(4.354920 50.868660)	"Port of Brussels"@en	1550-01-01T00:00:00Z									10	"http://www.wikidata.org/entity/Q863915"
<http://www.wikidata.org/entity/Q15833978>	POINT(12.116111 54.176389)		1913-01-01T00:00:00Z									1	"http://www.wikidata.org/entity/Q1324633"
<http://www.wikidata.org/entity/Q16689886>	POINT(28.797361 45.339111)	"Izmail Sea Commercial Port"@en	1813-01-01T00:00:00Z									8	"http://www.wikidata.org/entity/Q44782"
<http://www.wikidata.org/entity/Q16714262>	POINT(28.288917 45.418389)	"Reni Commercial Seaport"@en	1816-12-01T00:00:00Z									7	"http://www.wikidata.org/entity/Q44782"
<http://www.wikidata.org/entity/Q17385214>	POINT(-8.237100 43.479700)	"Ferrol Naval Base"@en	1740-01-01T00:00:00Z								"http://www.wikidata.org/entity/Q125894091"	6	"http://www.wikidata.org/entity/Q1745026|http://www.wikidata.org/entity/Q190928|http://www.wikidata.org/entity/Q4989906"
<http://www.wikidata.org/entity/Q17537921>	POINT(-0.957900 45.935100)	"Arsenal de Rochefort"@en	1665-01-01T00:00:00Z									3	"http://www.wikidata.org/entity/Q1324633|http://www.wikidata.org/entity/Q190928|http://www.wikidata.org/entity/Q81669"
<http://www.wikidata.org/entity/Q17985748>	POINT(-3.268950 51.398200)	"Barry Docks"@en	1889-01-01T00:00:00Z									4	"http://www.wikidata.org/entity/Q44782|http://www.wikidata.org/entity/Q486972"
<http://www.wikidata.org/entity/Q18038388>	POINT(24.723611 59.452778)	"Miinisadam"@en	1912-01-01T00:00:00Z									6	"http://www.wikidata.org/entity/Q1324633"
<http://www.wikidata.org/entity/Q1825162>	POINT(11.965210 57.711620)	"Lilla Bommen"@en	1640-01-01T00:00:00Z									5	"http://www.wikidata.org/entity/Q10512405"
<http://www.wikidata.org/entity/Q1837513>	POINT(18.663300 54.401500)	"Nowy Port"@en	1772-01-01T00:00:00Z									12	"http://www.wikidata.org/entity/Q1434401|http://www.wikidata.org/entity/Q44782"
<http://www.wikidata.org/entity/Q18689574>	POINT(8.536390 47.363600)	"Quaianlagen"@en	1887-01-01T00:00:00Z									5	"http://www.wikidata.org/entity/Q3543043"
<http://www.wikidata.org/entity/Q2037271>	POINT(12.266667 41.779167)	"Portus"@en	0046-01-01T00:00:00Z									17	"http://www.wikidata.org/entity/Q3398414|http://www.wikidata.org/entity/Q839954"
<http://www.wikidata.org/entity/Q21553804>	POINT(4.815278 45.735556)	"Port Rambaud"@en	1909-01-01T00:00:00Z		1993-12-31T00:00:00Z							2	"http://www.wikidata.org/entity/Q863915"
<http://www.wikidata.org/entity/Q2211>	POINT(13.000000 55.583333)	"Malmö"@en	1353-01-01T00:00:00Z	1170-01-01T00:00:00Z								149	"http://www.wikidata.org/entity/Q12813115|http://www.wikidata.org/entity/Q15310171|http://www.wikidata.org/entity/Q1549591|http://www.wikidata.org/entity/Q515"
<http://www.wikidata.org/entity/Q25933577>	POINT(13.730668 51.066188)	"Neustädter Hafen"@en	1872-01-01T00:00:00Z									2	"http://www.wikidata.org/entity/Q863915"
<http://www.wikidata.org/entity/Q2611976>	POINT(4.495830 51.920280)	"Haringvliet"@en	1590-01-01T00:00:00Z								"http://www.wikidata.org/entity/Q1027807"	3	"http://www.wikidata.org/entity/Q44782"
<http://www.wikidata.org/entity/Q2639247>	POINT(13.707500 51.063900)	"Alberthafen Dresden"@en	1895-01-01T00:00:00Z									3	"http://www.wikidata.org/entity/Q863915"
<http://www.wikidata.org/entity/Q2917500>	POINT(41.658333 42.158889)	"Poti Sea Port"@en	1858-01-01T00:00:00Z									27	"http://www.wikidata.org/entity/Q155076|http://www.wikidata.org/entity/Q44782"
<http://www.wikidata.org/entity/Q301442>	POINT(10.226211 56.154681)	"Port of Aarhus"@en	1845-01-01T00:00:00Z									7	"http://www.wikidata.org/entity/Q15310171"
<http://www.wikidata.org/entity/Q3043553>	POINT(2.335000 48.859500)	"port du Louvre"@en	1292-01-01T00:00:00Z								"http://www.wikidata.org/entity/Q16024163"	7	"http://www.wikidata.org/entity/Q44782"
<http://www.wikidata.org/entity/Q30968284>	POINT(41.657431 41.647326)	"Batumi seaport"@en	1878-01-01T00:00:00Z									10	"http://www.wikidata.org/entity/Q15310171"
<http://www.wikidata.org/entity/Q3270301>	POINT(-2.720000 48.533056)	"Port du Légué"@en	1423-01-01T00:00:00Z									3	"http://www.wikidata.org/entity/Q44782"
<http://www.wikidata.org/entity/Q3276860>	POINT(-6.177222 36.495833)	"Arsenal de la Carraca"@en	1752-01-01T00:00:00Z								"http://www.wikidata.org/entity/Q100407249"	7	"http://www.wikidata.org/entity/Q11755880|http://www.wikidata.org/entity/Q16917|http://www.wikidata.org/entity/Q16970|http://www.wikidata.org/entity/Q1745026|http://www.wikidata.org/entity/Q3055118|http://www.wikidata.org/entity/Q40357"
<http://www.wikidata.org/entity/Q32791998>	POINT(29.834814 40.750608)	"Port of Derince"@en	1904-01-01T00:00:00Z									1	"http://www.wikidata.org/entity/Q15310171|http://www.wikidata.org/entity/Q492425"
<http://www.wikidata.org/entity/Q3398352>	POINT(2.380780 48.839200)	"port Henri-IV"@en	1843-01-01T00:00:00Z								"http://www.wikidata.org/entity/Q16024163"	3	"http://www.wikidata.org/entity/Q44782"
<http://www.wikidata.org/entity/Q3398613>	POINT(2.372100 48.841700)	"port de la Rapée"@en	1894-01-01T00:00:00Z								"http://www.wikidata.org/entity/Q16024163"	3	"http://www.wikidata.org/entity/Q44782"
<http://www.wikidata.org/entity/Q3623948>	POINT(15.217434 37.229761)	"Augusta naval base"@en	1896-01-01T00:00:00Z									4	"http://www.wikidata.org/entity/Q1745026|http://www.wikidata.org/entity/Q44782"
<http://www.wikidata.org/entity/Q37578313>	POINT(5.067281 52.639583)	"Karperkuil"@en	1567-01-01T00:00:00Z									3	"http://www.wikidata.org/entity/Q44782"
<http://www.wikidata.org/entity/Q3964>	POINT(9.982778 53.540000)	"Port of Hamburg"@en	1189-05-14T00:00:00Z									35	"http://www.wikidata.org/entity/Q15310171"
<http://www.wikidata.org/entity/Q4069935>	POINT(-0.988611 37.600311)	"Cartagena Naval Base"@en	1731-01-01T00:00:00Z								"http://www.wikidata.org/entity/Q125894091"	6	"http://www.wikidata.org/entity/Q1745026|http://www.wikidata.org/entity/Q190928|http://www.wikidata.org/entity/Q9028293"
<http://www.wikidata.org/entity/Q4075924>	POINT(49.525600 40.234300)	"Port of Baku"@en	1902-07-21T00:00:00Z									20	"http://www.wikidata.org/entity/Q44782"
<http://www.wikidata.org/entity/Q4084163>	POINT(36.783333 46.750000)	"Port of Berdiansk"@en	1830-07-01T00:00:00Z									9	"http://www.wikidata.org/entity/Q44782"
<http://www.wikidata.org/entity/Q41599>	POINT(14.246944 53.910278)	"Świnoujście"@en	1765-01-01T00:00:00Z									90	"http://www.wikidata.org/entity/Q2185059|http://www.wikidata.org/entity/Q2264924|http://www.wikidata.org/entity/Q4946461|http://www.wikidata.org/entity/Q902814|http://www.wikidata.org/entity/Q925381"
<http://www.wikidata.org/entity/Q4174251>	POINT(38.273611 46.727778)	"Port Yeysk"@en	1848-01-01T00:00:00Z									7	"http://www.wikidata.org/entity/Q44782"
<http://www.wikidata.org/entity/Q4209549>	POINT(20.473600 54.702800)	"Port of Kaliningrad"@en	1339-01-01T00:00:00Z									9	"http://www.wikidata.org/entity/Q44782"
<http://www.wikidata.org/entity/Q4281590>	POINT(37.510833 47.056389)	"Port of Mariupol"@en	1889-09-02T00:00:00Z									17	"http://www.wikidata.org/entity/Q44782"
<http://www.wikidata.org/entity/Q4311182>	POINT(52.293889 55.693333)	"Naberezhnyye Chelny"@en	1850-01-01T00:00:00Z									2	"http://www.wikidata.org/entity/Q44782|http://www.wikidata.org/entity/Q863915"
<http://www.wikidata.org/entity/Q4320484>	POINT(32.004169 46.948251)	"Port of Mykolaiv"@en	1862-01-01T00:00:00Z									11	"http://www.wikidata.org/entity/Q44782"
<http://www.wikidata.org/entity/Q4331470>	POINT(30.739750 46.499583)	"Port of Odesa"@en	1794-01-01T00:00:00Z									24	"http://www.wikidata.org/entity/Q44782|http://www.wikidata.org/entity/Q4830453"
<http://www.wikidata.org/entity/Q4353910>	POINT(16.512500 68.493333)	"Ramsund Naval Station"@en	1912-01-01T00:00:00Z									4	"http://www.wikidata.org/entity/Q1324633"
<http://www.wikidata.org/entity/Q4411903>	POINT(33.530000 44.607778)	"Sevastopol Naval Base"@en	1772-01-01T00:00:00Z								"http://www.wikidata.org/entity/Q934022"	18	"http://www.wikidata.org/entity/Q1324633"
<http://www.wikidata.org/entity/Q4475204>	POINT(48.394190 54.298420)	"Ulyanovsk river port"@en	1648-01-01T00:00:00Z									2	"http://www.wikidata.org/entity/Q863915"
<http://www.wikidata.org/entity/Q4482815>	POINT(35.391944 45.025556)	"Port of Feodosia"@en	1892-01-01T00:00:00Z									7	"http://www.wikidata.org/entity/Q44782"
<http://www.wikidata.org/entity/Q4497358>	POINT(32.617599 46.625942)	"Port of Kherson"@en	1778-01-01T00:00:00Z									9	"http://www.wikidata.org/entity/Q44782"
<http://www.wikidata.org/entity/Q4497362>	POINT(32.609444 46.625278)	"Kherson River Port"@en	1778-01-01T00:00:00Z									7	"http://www.wikidata.org/entity/Q863915"
<http://www.wikidata.org/entity/Q4537471>	POINT(34.171667 44.495833)	"Yalta port"@en	1833-08-14T00:00:00Z									9	"http://www.wikidata.org/entity/Q283202|http://www.wikidata.org/entity/Q44782"
<http://www.wikidata.org/entity/Q49388527>	POINT(-1.896640 49.712120)	"Port Racine"@en	1870-01-01T00:00:00Z									5	"http://www.wikidata.org/entity/Q44782"
<http://www.wikidata.org/entity/Q504322>	POINT(17.247103 40.475061)	"Taranto Naval Base"@en	1865-01-01T00:00:00Z									5	"http://www.wikidata.org/entity/Q1745026"
<http://www.wikidata.org/entity/Q5391265>	POINT(-3.521800 36.723000)	"Port of Motril"@en	1908-01-01T00:00:00Z									5	"http://www.wikidata.org/entity/Q44782"
<http://www.wikidata.org/entity/Q5499579>	POINT(10.039167 58.996667)	"Fredriksvern"@en	1677-01-01T00:00:00Z									5	"http://www.wikidata.org/entity/Q1324633|http://www.wikidata.org/entity/Q2065736"
<http://www.wikidata.org/entity/Q55608998>	POINT(30.516536 50.474417)	"Kyiv River Port"@en	1897-01-01T00:00:00Z									7	"http://www.wikidata.org/entity/Q863915"
<http://www.wikidata.org/entity/Q55649272>	POINT(34.889222 32.502306)		0010-01-01T00:00:00Z									2	"http://www.wikidata.org/entity/Q44782"
<http://www.wikidata.org/entity/Q56258162>	POINT(14.602051 40.633809)	"Arsenale"@en	1059-01-01T00:00:00Z									3	"http://www.wikidata.org/entity/Q1745026"
<http://www.wikidata.org/entity/Q651798>	POINT(9.816667 44.100000)	"La Spezia Naval Base"@en	1862-01-01T00:00:00Z									5	"http://www.wikidata.org/entity/Q1745026"
<http://www.wikidata.org/entity/Q654216>	POINT(-4.627778 55.463889)	"Ayr"@en	1205-01-01T00:00:00Z									58	"http://www.wikidata.org/entity/Q1357964|http://www.wikidata.org/entity/Q15310171|http://www.wikidata.org/entity/Q3957|http://www.wikidata.org/entity/Q6489113"
<http://www.wikidata.org/entity/Q65971802>	POINT(5.410958 52.851886)	"Harbour of Laaxum"@en	1912-01-01T00:00:00Z									1	"http://www.wikidata.org/entity/Q1755007"
<http://www.wikidata.org/entity/Q7231081>	POINT(19.084111 42.093583)	"Port of Bar"@en	1906-06-27T00:00:00Z									5	"http://www.wikidata.org/entity/Q44782|http://www.wikidata.org/entity/Q891723"
<http://www.wikidata.org/entity/Q7231235>	POINT(-3.786110 51.586700)	"Port of Port Talbot"@en	1837-01-01T00:00:00Z								"http://www.wikidata.org/entity/Q1072019"	2	"http://www.wikidata.org/entity/Q44782"
<http://www.wikidata.org/entity/Q7231282>	POINT(22.922000 40.636000)	"Port of Thessaloniki"@en	1900-01-01T00:00:00Z									17	"http://www.wikidata.org/entity/Q15310171|http://www.wikidata.org/entity/Q4303352|http://www.wikidata.org/entity/Q492425"
<http://www.wikidata.org/entity/Q7403596>	POINT(23.535535 37.977268)	"Salamis Naval Base"@en	1881-01-01T00:00:00Z									5	"http://www.wikidata.org/entity/Q1324633"
<http://www.wikidata.org/entity/Q972156>	POINT(15.590000 56.152778)	"Karlskrona naval base"@en	1800-01-01T00:00:00Z									15	"http://www.wikidata.org/entity/Q1324633"
