?i	?names
<http://www.wikidata.org/entity/Q101608946>	"de:Schlossmühle Lippholthausen"
<http://www.wikidata.org/entity/Q103273752>	"ca:Molí de l'Ullar|fr:Molí de l'Ullar|de:Molí de l'Ullar|eu:Molí de l'Ullar|pt:Molí de l'Ullar"
<http://www.wikidata.org/entity/Q10331516>	"pt:Moinho de Papel de Leiria"
<http://www.wikidata.org/entity/Q104331531>	"de:Alte Mühle"
<http://www.wikidata.org/entity/Q104665635>	"nl:'s Hertogenmolens"
<http://www.wikidata.org/entity/Q104832524>	"ca:Molí de Català|es:Molino de Català"
<http://www.wikidata.org/entity/Q105001201>	"de:Ferschnermühle"
<http://www.wikidata.org/entity/Q105103931>	"ca:Molí de Blai, Massamagrell|es:Molí de Blai, Masamagrell"
<http://www.wikidata.org/entity/Q105148468>	"ca:Molí Paperer del Terol de Baix|es:Molino Papelero del Terol de Baix"
<http://www.wikidata.org/entity/Q105223100>	"de:Hirzinger Mühle"
<http://www.wikidata.org/entity/Q105299384>	"ca:Molino de la Ciudad|es:Molino de la Ciudad"
<http://www.wikidata.org/entity/Q105319479>	"ca:Molino de Riquelme|es:Molino de Riquelme"
<http://www.wikidata.org/entity/Q105370718>	"da:Vilholt Mølle"
<http://www.wikidata.org/entity/Q105440680>	"cs:Wilhelmsmühle|de:Wilhelmsmühle (Cottbus)"
<http://www.wikidata.org/entity/Q10549493>	"sv:Kronokvarnen i Lyckeby"
<http://www.wikidata.org/entity/Q105660590>	"ca:Molí de Xeresa|es:Molino de Jeresa"
<http://www.wikidata.org/entity/Q105793563>	"ca:Molí de la Cuesta de los Molinos 01|es:Molino de la Cuesta de los Molinos 01"
<http://www.wikidata.org/entity/Q105793566>	"ca:Molí de la Cuesta de los Molinos 02|es:Molino de la Cuesta de los Molinos 02"
<http://www.wikidata.org/entity/Q105793572>	"ca:Molí del Tío Bonifacio|es:Molino del Tío Bonifacio"
<http://www.wikidata.org/entity/Q105936971>	"ca:Molí de Lluc"
<http://www.wikidata.org/entity/Q105957442>	"ca:Molí de Contrast|fr:Molí de Contrast|de:Molí de Contrast|eu:Molí de Contrast|pt:Molí de Contrast"
<http://www.wikidata.org/entity/Q105966721>	"ca:Molí d'en Parellada|fr:Molí d'en Parellada|de:Molí d'en Parellada|eu:Molí d'en Parellada|pt:Molí d'en Parellada"
<http://www.wikidata.org/entity/Q105966727>	"ca:Molí de les Toeses|fr:Molí de les Toeses|de:Molí de les Toeses|eu:Molí de les Toeses|pt:Molí de les Toeses"
<http://www.wikidata.org/entity/Q105966731>	"ca:Molí Pelleter|fr:Molí Pelleter|de:Molí Pelleter|eu:Molí Pelleter|pt:Molí Pelleter"
<http://www.wikidata.org/entity/Q106154042>	"nl:Watermolen van Balegem"
<http://www.wikidata.org/entity/Q106316742>	"ca:Molí de l'Andreuet|fr:Molí de l'Andreuet|de:Molí de l'Andreuet|eu:Molí de l'Andreuet|pt:Molí de l'Andreuet"
<http://www.wikidata.org/entity/Q106498655>	"fr:cercle de l'Ermitage|de:Ermitage-Kreis"
<http://www.wikidata.org/entity/Q106555839>	"pl:młyn wodny z Bojszów"
<http://www.wikidata.org/entity/Q106643776>	"ca:Molí de Badia|fr:Molí de Badia|de:Molí de Badia|eu:Molí de Badia|pt:Molí de Badia"
<http://www.wikidata.org/entity/Q106643777>	"ca:Molí de la Traveria|fr:Molí de la Traveria|de:Molí de la Traveria|eu:Molí de la Traveria|pt:Molí de la Traveria"
<http://www.wikidata.org/entity/Q106643778>	"ca:Molí de Vallgatina|fr:Molí de Vallgatina|de:Molí de Vallgatina|eu:Molí de Vallgatina|pt:Molí de Vallgatina"
<http://www.wikidata.org/entity/Q106643779>	"ca:Molí dels Arnaus|fr:Molí dels Arnaus|de:Molí dels Arnaus|eu:Molí dels Arnaus|pt:Molí dels Arnaus"
<http://www.wikidata.org/entity/Q106665149>	"ca:Molí de Riu|fr:Molí de Riu|de:Molí de Riu|eu:Molí de Riu|pt:Molí de Riu"
<http://www.wikidata.org/entity/Q106665434>	"ca:Molí del Casó|fr:Molí del Casó|de:Molí del Casó|eu:Molí del Casó|pt:Molí del Casó"
<http://www.wikidata.org/entity/Q106698361>	"de:Kösslmühle"
<http://www.wikidata.org/entity/Q106963577>	"nl:Paesmansmolen|fr:Paesmansmolen"
<http://www.wikidata.org/entity/Q106963617>	"nl:Molenbroekmolen|fr:Molenbroekmolen"
<http://www.wikidata.org/entity/Q107001089>	"ca:Molí de l'Eixerit|fr:Molí de l'Eixerit|de:Molí de l'Eixerit|eu:Molí de l'Eixerit|pt:Molí de l'Eixerit"
<http://www.wikidata.org/entity/Q107234037>	"ca:Molí del Duch"
<http://www.wikidata.org/entity/Q107304821>	"nl:Watermolen"
<http://www.wikidata.org/entity/Q107315213>	"de:Elisabethmühle"
<http://www.wikidata.org/entity/Q107405505>	"ca:Era Mòla|fr:Era Mòla|de:Era Mòla|eu:Era Mòla|pt:Era Mòla"
<http://www.wikidata.org/entity/Q107406362>	"cs:Dolnopočernický mlýn"
<http://www.wikidata.org/entity/Q107412426>	"pl:młyn wodny w Gołubiu"
<http://www.wikidata.org/entity/Q107442856>	"de:Bettinger Mühle"
<http://www.wikidata.org/entity/Q107650784>	"de:Woogsacker Mühle"
<http://www.wikidata.org/entity/Q107651784>	"cs:Jiráskovy mlýny|de:Jirásek-Mühlen Louny"
<http://www.wikidata.org/entity/Q107955303>	"nl:Molen van Schoonhoven"
<http://www.wikidata.org/entity/Q108039951>	"ca:Molí de Cal Sastre Barat"
<http://www.wikidata.org/entity/Q108039952>	"ca:Molí de la Font del Pi"
<http://www.wikidata.org/entity/Q108061110>	"ca:Molí de Riulacó"
<http://www.wikidata.org/entity/Q108061112>	"ca:Molí del Soler de Baix"
<http://www.wikidata.org/entity/Q108075662>	"ca:Molí de Can Feliu|fr:Molí del Feliu|de:Molí del Feliu|eu:Molí del Feliu|pt:Molí del Feliu"
<http://www.wikidata.org/entity/Q108075664>	"ca:Molí i serradora de Ca l'Ambrós"
<http://www.wikidata.org/entity/Q108075666>	"ca:Molí i serradora de Cal Guirre"
<http://www.wikidata.org/entity/Q108075682>	"ca:Molí de Ratavilla|fr:Molí de Ratavilla|de:Molí de Ratavilla|eu:Molí de Ratavilla|pt:Molí de Ratavilla"
<http://www.wikidata.org/entity/Q108075685>	"ca:Molí de Foix"
<http://www.wikidata.org/entity/Q108168270>	"ca:Molí Paperer"
<http://www.wikidata.org/entity/Q108293511>	"ca:Molí de les Fonts|es:Molí de les Fonts"
<http://www.wikidata.org/entity/Q108293917>	"ca:Molí de Pobres|es:Molí de Pobres"
<http://www.wikidata.org/entity/Q108330850>	"fr:moulin Duranton à Leyret"
<http://www.wikidata.org/entity/Q108515667>	"cs:Jakubský mlýn"
<http://www.wikidata.org/entity/Q108665068>	"mul:Jägertonimühle|de:Jägertonimühle"
<http://www.wikidata.org/entity/Q108666591>	"mul:Bommühle|de:Bommühle"
<http://www.wikidata.org/entity/Q108722904>	"ca:Molí d'en Carreres"
<http://www.wikidata.org/entity/Q108828249>	"fr:moulin à farine de Gunsbach"
<http://www.wikidata.org/entity/Q108828687>	"fr:Aux Trois Anges"
<http://www.wikidata.org/entity/Q108838339>	"fr:Haagmühle"
<http://www.wikidata.org/entity/Q108878131>	"fr:moulin Maurer"
<http://www.wikidata.org/entity/Q108894462>	"fr:moulin au 2 rue de la Chapelle"
<http://www.wikidata.org/entity/Q108894614>	"fr:moulin de la rue du Stade"
<http://www.wikidata.org/entity/Q108896221>	"nl:Meerselmolen"
<http://www.wikidata.org/entity/Q108896775>	"cs:Rosenauerův mlýn"
<http://www.wikidata.org/entity/Q109374986>	"fr:moulin à farine et huilerie Graff"
<http://www.wikidata.org/entity/Q109554181>	"cs:Vodní mlýn v Kožlí"
<http://www.wikidata.org/entity/Q109828458>	"cs:Podškolský mlýn"
<http://www.wikidata.org/entity/Q110515760>	"mul:Gronenberger Mühle|de:Gronenberger Mühle"
<http://www.wikidata.org/entity/Q110780386>	"nl:Molen te Leefdaele"
<http://www.wikidata.org/entity/Q110829763>	"nl:Herlaermolen"
<http://www.wikidata.org/entity/Q110947052>	"cs:Zámecký mlýn Brody|de:Schlossmühle Pröllas"
<http://www.wikidata.org/entity/Q111020629>	"nl:Hofmolen"
<http://www.wikidata.org/entity/Q111028546>	"mul:Ehemalige Mühle (Bruchenbrücken)|de:Ehemalige Mühle (Bruchenbrücken)"
<http://www.wikidata.org/entity/Q111103114>	"nl:Schemelbertmolen"
<http://www.wikidata.org/entity/Q111146541>	"fr:moulin des Osmeaux"
<http://www.wikidata.org/entity/Q111234237>	"el:Νερόμυλος Πισπίλη|bg:Писпилева воденица"
<http://www.wikidata.org/entity/Q111248744>	"ca:Molí Arrosser de Marco, Sueca|es:Molino Arrocero de Marco, Sueca"
<http://www.wikidata.org/entity/Q111250665>	"ca:Molí Arrosser Vell-Gráficas Miguel, Sueca|es:Molino Arrocero Viejo-Gráficas Miguel, Sueca"
<http://www.wikidata.org/entity/Q111512106>	"fi:Vantaankosken mylly"
<http://www.wikidata.org/entity/Q111792547>	"de:Wassermühle Eltzemühle"
<http://www.wikidata.org/entity/Q112088031>	"sk:9. mlyn"
<http://www.wikidata.org/entity/Q112088854>	"sk:vodný mlyn"
<http://www.wikidata.org/entity/Q112088953>	"sk:Schaubmarov mlyn, mlyn vodný"
<http://www.wikidata.org/entity/Q112088957>	"sk:Fabiánov vodný mlyn, papiereň, mlyn vodný"
<http://www.wikidata.org/entity/Q112089222>	"sk:píla Alexandra Nottného, mlyn vodný"
<http://www.wikidata.org/entity/Q112089224>	"sk:píla Alexandra Nottného, píla vodná"
<http://www.wikidata.org/entity/Q112092148>	"sk:vodný mlyn, mlyn vodný"
<http://www.wikidata.org/entity/Q112092868>	"sk:mlyn s vodorovným mlyn. kolesom, mlyn vodný"
<http://www.wikidata.org/entity/Q112093358>	"sk:vodný mlyn"
<http://www.wikidata.org/entity/Q112093373>	"sk:Vodný mlyn"
<http://www.wikidata.org/entity/Q112093433>	"sk:vodný mlyn"
<http://www.wikidata.org/entity/Q112093439>	"sk:vodný mlyn"
<http://www.wikidata.org/entity/Q112094201>	"sk:Slávikov mlyn"
<http://www.wikidata.org/entity/Q112095299>	"sk:Bohunický mlyn"
<http://www.wikidata.org/entity/Q112095847>	"sk:Horný mlyn"
<http://www.wikidata.org/entity/Q112096355>	"sk:Mravíkov mlyn"
<http://www.wikidata.org/entity/Q112097136>	"sk:vodný mlyn s pílou, mlyn vodný"
<http://www.wikidata.org/entity/Q112097168>	"sk:kartuziánsky kláštor, mlyn vodný"
<http://www.wikidata.org/entity/Q112097231>	"sk:Vodný mlyn"
<http://www.wikidata.org/entity/Q112097438>	"sk:vodný mlyn"
<http://www.wikidata.org/entity/Q112099042>	"sk:vodný mlyn"
<http://www.wikidata.org/entity/Q112102456>	"sk:Habánsky mlyn, mlyn vodný"
<http://www.wikidata.org/entity/Q112103087>	"sk:Horný mlyn, mlyn Beblavých"
<http://www.wikidata.org/entity/Q112103307>	"sk:Mudrochov, býv. Neuvirthov mlyn, mlyn vodný"
<http://www.wikidata.org/entity/Q112103593>	"sk:Podzámocký vodný mlyn"
<http://www.wikidata.org/entity/Q112103615>	"sk:Hustého mlyn"
<http://www.wikidata.org/entity/Q112103616>	"sk:Vodný mlyn, Michaličkov mlyn, mlyn vodný"
<http://www.wikidata.org/entity/Q112103652>	"sk:Némethov mlyn, mlyn vodný"
<http://www.wikidata.org/entity/Q112103678>	"sk:dolný mlyn"
<http://www.wikidata.org/entity/Q112103743>	"sk:vodný mlyn"
<http://www.wikidata.org/entity/Q112103940>	"sk:vodný mlyn"
<http://www.wikidata.org/entity/Q112104189>	"sk:Starý habánsky mlyn"
<http://www.wikidata.org/entity/Q112104227>	"fr:Moulin à eau du parc du château d'Esterházy Tallos|de:Esterházy Tallos Schlosspark Wassermühle|sk:Kolový vodný mlyn, mlyn vodný"
<http://www.wikidata.org/entity/Q112105123>	"sk:Gejdošovský mlyn, mlyn vodný"
<http://www.wikidata.org/entity/Q112105125>	"sk:Brunčiakovský mlyn"
<http://www.wikidata.org/entity/Q112413003>	"de:Riesenmühle"
<http://www.wikidata.org/entity/Q112813774>	"cs:vodní mlýn v Čelákovicích|de:Čelákovický mlýn"
<http://www.wikidata.org/entity/Q112895463>	"de:Herrenmühle"
<http://www.wikidata.org/entity/Q113009692>	"nl:Bovenste Molen van Hulsen"
<http://www.wikidata.org/entity/Q1132312>	"de:Cordinger Mühle"
<http://www.wikidata.org/entity/Q113552548>	"ca:Molí de Mogoda"
<http://www.wikidata.org/entity/Q113627717>	"de:Süßmühle"
<http://www.wikidata.org/entity/Q113645378>	"nl:Molen Van Roo"
<http://www.wikidata.org/entity/Q113861439>	"pl:młyn wodny w zespole pałacowym w Wejherowie"
<http://www.wikidata.org/entity/Q113989123>	"nl:Van Hauwermeirsmolen"
<http://www.wikidata.org/entity/Q114031098>	"nl:Maalbroekmolen"
<http://www.wikidata.org/entity/Q114243317>	"nl:Rabelmolen"
<http://www.wikidata.org/entity/Q114244706>	"nl:Riddermolen"
<http://www.wikidata.org/entity/Q114257001>	"nl:Watermolen"
<http://www.wikidata.org/entity/Q114348909>	"nl:Waterkot"
<http://www.wikidata.org/entity/Q114364127>	"nl:Van Hauwermeirenmolen"
<http://www.wikidata.org/entity/Q114674850>	"de:Klappermühlchen"
<http://www.wikidata.org/entity/Q115197152>	"ca:molí d'en Bosc"
<http://www.wikidata.org/entity/Q115252653>	"de:Wassermühle Heiligenrode"
<http://www.wikidata.org/entity/Q115282741>	"nl:Nedermolen"
<http://www.wikidata.org/entity/Q115630344>	"cs:Panský mlýn"
<http://www.wikidata.org/entity/Q116182153>	"de:Wildeshauser Lohmühle"
<http://www.wikidata.org/entity/Q116193190>	"de:Heinefelder Wassermühle"
<http://www.wikidata.org/entity/Q116236543>	"de:Sägewerk Aumühle"
<http://www.wikidata.org/entity/Q116488341>	"fr:Topfmühle|de:Topfmühle"
<http://www.wikidata.org/entity/Q116491344>	"de:Ehemalige Kochmühle"
<http://www.wikidata.org/entity/Q116491453>	"mul:Ehemalige Untere Mühle (Wartenberg)|de:Ehemalige Untere Mühle (Wartenberg)"
<http://www.wikidata.org/entity/Q116494135>	"mul:Mainberg 2|de:Mainmühle Höchst"
<http://www.wikidata.org/entity/Q116509008>	"fr:Ensemble du complexe Oberauer Mühle|de:Gesamtanlage Oberauer Mühle"
<http://www.wikidata.org/entity/Q116512303>	"fr:Kämmersmühle|de:Kämmersmühle"
<http://www.wikidata.org/entity/Q116523427>	"mul:Blaumühle|de:Blaumühle"
<http://www.wikidata.org/entity/Q116594107>	"de:Meuschenmühle"
<http://www.wikidata.org/entity/Q116619004>	"cs:Červený mlýn"
<http://www.wikidata.org/entity/Q116681033>	"es:Molino Borgoñón"
<http://www.wikidata.org/entity/Q116819148>	"nl:Koevoetmolen"
<http://www.wikidata.org/entity/Q116838431>	"nl:Marselaersmolen"
<http://www.wikidata.org/entity/Q116854258>	"nl:Diepensteynmolen"
<http://www.wikidata.org/entity/Q1169365>	"de:Lavesmühle"
<http://www.wikidata.org/entity/Q116939054>	"nl:Herbodinnemolen"
<http://www.wikidata.org/entity/Q116962852>	"de:Ehemalige Großherzogliche Wassermühle zu Bützow"
<http://www.wikidata.org/entity/Q117037563>	"nl:Baggemolen"
<http://www.wikidata.org/entity/Q117071322>	"nl:Amelgemmolen"
<http://www.wikidata.org/entity/Q117162345>	"nl:Binnenmolen"
<http://www.wikidata.org/entity/Q117185385>	"nl:Ichelgemmolen"
<http://www.wikidata.org/entity/Q117188193>	"nl:Neerkammolen"
<http://www.wikidata.org/entity/Q117488313>	"nl:Meysemolen"
<http://www.wikidata.org/entity/Q117600080>	"nl:Watermolen van Lille"
<http://www.wikidata.org/entity/Q11772568>	"pl:Mały Młyn w Stargardzie Szczecińskim"
<http://www.wikidata.org/entity/Q117753444>	"ca:Molí de Sant Miquel|es:Molino de San Miguel"
<http://www.wikidata.org/entity/Q117753481>	"ca:Molí de Matraca|es:Molino de Matraca"
<http://www.wikidata.org/entity/Q117753549>	"ca:Molí de la Molineta|es:Molino de la Molineta"
<http://www.wikidata.org/entity/Q117753877>	"mul:Molí de la Troneta|ca:Molí de la Troneta|es:Molino de la Troneta"
<http://www.wikidata.org/entity/Q117759611>	"ca:Molí del Tio Lucero|es:Molino del Tío Lucero"
<http://www.wikidata.org/entity/Q117760830>	"ca:Molí de la Font|es:Molino de la Font"
<http://www.wikidata.org/entity/Q117760848>	"ca:Molí de Quart|es:Molino de Cuart"
<http://www.wikidata.org/entity/Q117764276>	"ca:fàbrica de llum d'Alboraig|es:Fábrica de Luz de Alborache"
<http://www.wikidata.org/entity/Q117770166>	"ca:Molí de la Vila|es:Molino de la Vila"
<http://www.wikidata.org/entity/Q117772685>	"ca:Molí Antic Fariner al carrer José María Casanova 4|es:Antiguo Molino Harinero en la calle José María Casanova 4"
<http://www.wikidata.org/entity/Q117781379>	"ca:Molí del Palomar|es:Molino de Palomar"
<http://www.wikidata.org/entity/Q117783597>	"ca:Molí Peiró|es:Molí Peiró"
<http://www.wikidata.org/entity/Q117783628>	"ca:Molí Capità|es:Molino Capitán"
<http://www.wikidata.org/entity/Q117783630>	"ca:Molí de Tola|es:Molino de Tola"
<http://www.wikidata.org/entity/Q117783666>	"ca:Molí Nou de Beniflà|es:Molino Nuevo de Beniflá"
<http://www.wikidata.org/entity/Q117783714>	"ca:Molí de la Foia|es:Molino de la Foia"
<http://www.wikidata.org/entity/Q117783716>	"ca:Molí Boleda|es:Molino Boleda"
<http://www.wikidata.org/entity/Q117783998>	"ca:Fàbrica de l'Espart|es:Fábrica del Esparto"
<http://www.wikidata.org/entity/Q117784004>	"ca:Molí dels Anouers|es:Molí dels Anouers"
<http://www.wikidata.org/entity/Q117784006>	"ca:Molí Canyar|es:Molino Canyar"
<http://www.wikidata.org/entity/Q117784016>	"ca:Molí dels Frares|es:Molino de los Frailes"
<http://www.wikidata.org/entity/Q117784037>	"ca:Molí Miquel|es:Molino Miquel"
<http://www.wikidata.org/entity/Q117784042>	"ca:Molí de Sotaia|es:Molino de Sotaia"
<http://www.wikidata.org/entity/Q117791979>	"nl:Kasteel Ter Balk"
<http://www.wikidata.org/entity/Q11788206>	"pl:Młyny Świętej Klary"
<http://www.wikidata.org/entity/Q1179449>	"nl:Lindekemalemolen|fr:Moulin de Lindekemale|hu:Moulin de Lindekemale"
<http://www.wikidata.org/entity/Q118390684>	"nl:Watermolen van het Steen"
<http://www.wikidata.org/entity/Q118907140>	"de:Buschmühle Helmsdorf"
<http://www.wikidata.org/entity/Q119126654>	"nl:Blauwmolen"
<http://www.wikidata.org/entity/Q119139793>	"nl:Heilige-Geestmolen"
<http://www.wikidata.org/entity/Q11922780>	"cs:Vodní mlýn Hoslovice|sk:Vodný mlyn Hoslovice"
<http://www.wikidata.org/entity/Q11922792>	"cs:Vodní mlýn ve Slupi|de:Wassermühle Slup"
<http://www.wikidata.org/entity/Q11937245>	"ca:Molí Nou de Passerell"
<http://www.wikidata.org/entity/Q11937255>	"ca:molí d'en Güell"
<http://www.wikidata.org/entity/Q11937259>	"ca:Molí d'en Pujol"
<http://www.wikidata.org/entity/Q11937268>	"ca:Molí de Llobateres"
<http://www.wikidata.org/entity/Q11937280>	"ca:Molí del Canonge"
<http://www.wikidata.org/entity/Q11937284>	"ca:Molí del Castell"
<http://www.wikidata.org/entity/Q11937291>	"ca:Molí del Pont|ga:Molí del Pont"
<http://www.wikidata.org/entity/Q119431053>	"nl:Grote Molen"
<http://www.wikidata.org/entity/Q12034773>	"cs:Velký mlýn|fr:Moulin de Löwit"
<http://www.wikidata.org/entity/Q120353916>	"nl:Het Stampkot"
<http://www.wikidata.org/entity/Q12045985>	"cs:Podvicmanovský mlýn"
<http://www.wikidata.org/entity/Q120472547>	"nl:Moulin d'Hubermont|fr:Moulin d'Hubermont"
<http://www.wikidata.org/entity/Q120635146>	"fr:moulin de l'abbaye d'Andlau"
<http://www.wikidata.org/entity/Q120800507>	"nl:Moulin du Puvinage|fr:Moulin du Puvinage"
<http://www.wikidata.org/entity/Q121031911>	"de:Wassermühle Dolldorfer Eichenweg 31"
<http://www.wikidata.org/entity/Q121057141>	"cs:Peclův mlýn"
<http://www.wikidata.org/entity/Q121306297>	"ca:molí de Vallcàrquera"
<http://www.wikidata.org/entity/Q121501957>	"de:Pahlmühle"
<http://www.wikidata.org/entity/Q121816186>	"pl:Młyn w Skrzypcu"
<http://www.wikidata.org/entity/Q121889554>	"de:Wassermühle Altona"
<http://www.wikidata.org/entity/Q121912809>	"nl:Terkleppemolen"
<http://www.wikidata.org/entity/Q122188126>	"nl:Watermolen op Grotenbroek"
<http://www.wikidata.org/entity/Q122568045>	"nl:'t Watermeuleke"
<http://www.wikidata.org/entity/Q122919385>	"nl:Veghelse watermolen"
<http://www.wikidata.org/entity/Q122931684>	"nl:Erpse Watermolen"
<http://www.wikidata.org/entity/Q123141789>	"de:Ratsmühle Lüneburg"
<http://www.wikidata.org/entity/Q12316901>	"da:Hjerritsdal Vandmølle"
<http://www.wikidata.org/entity/Q12321598>	"da:Kattinge Værk"
<http://www.wikidata.org/entity/Q123223469>	"de:Mittelmühle"
<http://www.wikidata.org/entity/Q123238922>	"nl:Molen van Beringen"
<http://www.wikidata.org/entity/Q123244613>	"de:Obere Mühle"
<http://www.wikidata.org/entity/Q12325250>	"mul:Lyngby Søndre Mølle"
<http://www.wikidata.org/entity/Q12327419>	"da:Moesgård Skovmølle"
<http://www.wikidata.org/entity/Q12329471>	"nb:Nymølle|fr:Nymølle|de:Nymølle|da:Nymølle|sv:Nymølle|is:Nymølle"
<http://www.wikidata.org/entity/Q123328406>	"nl:Eenemolen"
<http://www.wikidata.org/entity/Q123376531>	"nl:Watermolen van Aspelare"
<http://www.wikidata.org/entity/Q12338696>	"da:Tadre Mølle"
<http://www.wikidata.org/entity/Q123459413>	"nl:Abdijmolen"
<http://www.wikidata.org/entity/Q123461185>	"nl:Watermolen Van Oudenhove"
<http://www.wikidata.org/entity/Q123529378>	"nl:Schoreelsmolen"
<http://www.wikidata.org/entity/Q123557223>	"nl:Fonteintjesmolen"
<http://www.wikidata.org/entity/Q123575037>	"nl:Neigemmolen"
<http://www.wikidata.org/entity/Q123585587>	"nl:Watermolen van Asbeek"
<http://www.wikidata.org/entity/Q123615582>	"nl:IJzenbeekmolen"
<http://www.wikidata.org/entity/Q1236436>	"cs:Dolský mlýn|de:Grundmühle Kamnitzleiten|pl:Dolský mlýn"
<http://www.wikidata.org/entity/Q123669808>	"ca:Molí de Farigola"
<http://www.wikidata.org/entity/Q123678390>	"nl:Wielantmolen"
<http://www.wikidata.org/entity/Q123758685>	"cs:Kundelovský mlýn"
<http://www.wikidata.org/entity/Q124001883>	"nl:Ruisbroekmolen"
<http://www.wikidata.org/entity/Q124056119>	"nl:Heystmolen"
<http://www.wikidata.org/entity/Q124079815>	"cs:Jelínkův mlýn"
<http://www.wikidata.org/entity/Q124139591>	"cs:Náramečský mlýn"
<http://www.wikidata.org/entity/Q124140123>	"cs:Dolní mlýn"
<http://www.wikidata.org/entity/Q124210967>	"cs:Královec"
<http://www.wikidata.org/entity/Q124211030>	"cs:Kmentův mlýn"
<http://www.wikidata.org/entity/Q124211058>	"cs:Bednářův mlýn"
<http://www.wikidata.org/entity/Q124215095>	"cs:Dolní mlýn"
<http://www.wikidata.org/entity/Q124215116>	"cs:Horní mlýn"
<http://www.wikidata.org/entity/Q124217446>	"cs:Urbánkův mlýn"
<http://www.wikidata.org/entity/Q124248161>	"cs:Králíkův mlýn"
<http://www.wikidata.org/entity/Q124253512>	"nl:Nieuwermolen"
<http://www.wikidata.org/entity/Q124307207>	"nl:Molen van Geetbets"
<http://www.wikidata.org/entity/Q124334495>	"nl:Kwademolen"
<http://www.wikidata.org/entity/Q124347524>	"nl:Rotelmolen"
<http://www.wikidata.org/entity/Q124419037>	"nl:Heersemmolen"
<http://www.wikidata.org/entity/Q124424206>	"nl:Hernemolen"
<http://www.wikidata.org/entity/Q124472021>	"nl:Celismolen"
<http://www.wikidata.org/entity/Q124478044>	"nl:Grazenmolen"
<http://www.wikidata.org/entity/Q124478150>	"nl:Watermolen van Hoksem"
<http://www.wikidata.org/entity/Q124537238>	"de:Wassermühle Hainmühlen"
<http://www.wikidata.org/entity/Q124664632>	"nl:Molen van Attenhoven"
<http://www.wikidata.org/entity/Q124669961>	"nl:Rufferdingemolen"
<http://www.wikidata.org/entity/Q124710532>	"nl:Pitsaersmolen"
<http://www.wikidata.org/entity/Q124764170>	"de:Wassermühle Heesen"
<http://www.wikidata.org/entity/Q124842291>	"nl:Molen Menu"
<http://www.wikidata.org/entity/Q124842810>	"nl:Roze molen|fr:Moulin Rose"
<http://www.wikidata.org/entity/Q125157218>	"ca:Molí Paperer de Capellades|es:Molino de papel de la Vila de la Costa"
<http://www.wikidata.org/entity/Q125378006>	"nl:Oude Molen"
<http://www.wikidata.org/entity/Q125384035>	"nl:Molen van Terlanen"
<http://www.wikidata.org/entity/Q125406794>	"nl:Tombeekmolen"
<http://www.wikidata.org/entity/Q125676105>	"nl:Molen van Zevenbronnen"
<http://www.wikidata.org/entity/Q125907075>	"fr:Obersorger Mühle|de:Obersorger Mühle"
<http://www.wikidata.org/entity/Q125934923>	"mul:molí de la Cova|ca:molí de la Cova|es:molino de la Cova"
<http://www.wikidata.org/entity/Q126010527>	"fr:Antonitermühle|de:Antonitermühle"
<http://www.wikidata.org/entity/Q126089561>	"nl:Watermolen van Volsem"
<http://www.wikidata.org/entity/Q126177741>	"nl:Plotermolen"
<http://www.wikidata.org/entity/Q126206908>	"es:Molino de La Cartuja"
<http://www.wikidata.org/entity/Q126274003>	"nl:Molen te Neeralfene"
<http://www.wikidata.org/entity/Q126523734>	"de:Bachmühle"
<http://www.wikidata.org/entity/Q126688403>	"it:Mulino ad acqua di Imielin (prima metà del XVIII secolo)|pl:Młyn z Imielina 1. poł. XVIII w."
<http://www.wikidata.org/entity/Q127429005>	"nl:Molen van Broeckem"
<http://www.wikidata.org/entity/Q127693005>	"nl:Dalemse Molen"
<http://www.wikidata.org/entity/Q128062705>	"de:Stegmühle"
<http://www.wikidata.org/entity/Q128580422>	"de:Rümelinsmühle"
<http://www.wikidata.org/entity/Q128921400>	"ca:Molí de Can Planes"
<http://www.wikidata.org/entity/Q1290827>	"de:Wassermühle Wreechen"
<http://www.wikidata.org/entity/Q130226470>	"nl:Stockmansmolen"
<http://www.wikidata.org/entity/Q130243990>	"pl:młyn w Małyniu"
<http://www.wikidata.org/entity/Q130268610>	"ca:Molí de la Bertrana"
<http://www.wikidata.org/entity/Q130268613>	"ca:Molí Vell de la Bertrana"
<http://www.wikidata.org/entity/Q130344093>	"nl:Heysvaertmolen"
<http://www.wikidata.org/entity/Q130558989>	"ca:Molí de l'Escorça"
<http://www.wikidata.org/entity/Q130632776>	"de:Wassermühle Bröckelbeck"
<http://www.wikidata.org/entity/Q130885172>	"nl:Watermolen van Dormaal"
<http://www.wikidata.org/entity/Q131018557>	"ca:molí i mina de Cal Llibre"
<http://www.wikidata.org/entity/Q131370669>	"de:Klostermühle Hohenholte"
<http://www.wikidata.org/entity/Q131459843>	"ca:Molí de Dalt o de Tubau"
<http://www.wikidata.org/entity/Q131539668>	"nl:Moulin de Froyennes|fr:Moulin de Froyennes"
<http://www.wikidata.org/entity/Q131703797>	"da:Gammel Mølle"
<http://www.wikidata.org/entity/Q131720049>	"de:Große Amtsmühle in Braunsberg|pl:Wielki Młyn Miejski w Braniewie"
<http://www.wikidata.org/entity/Q131840956>	"it:Mulino di Sornico|fr:Moulin à eau de Sornico"
<http://www.wikidata.org/entity/Q13188443>	"de:Wassermühle Hollen"
<http://www.wikidata.org/entity/Q1319020>	"nl:Hüvenermühle|de:Hüvener Mühle"
<http://www.wikidata.org/entity/Q131920897>	"ca:Molí Blanc"
<http://www.wikidata.org/entity/Q132151663>	"de:Untere Mühle"
<http://www.wikidata.org/entity/Q132191397>	"sv:Stockareds kvarn"
<http://www.wikidata.org/entity/Q132202093>	"nl:Molen bij de Oosterhof"
<http://www.wikidata.org/entity/Q132529132>	"de:Brockmannsmühle"
<http://www.wikidata.org/entity/Q132745106>	"de:Getreidemühle"
<http://www.wikidata.org/entity/Q133796260>	"ca:Molí de l'Esbert / Molí Fidel"
<http://www.wikidata.org/entity/Q133796323>	"ca:Molí de Cal Roda"
<http://www.wikidata.org/entity/Q133863780>	"ca:Molí Nou"
<http://www.wikidata.org/entity/Q133884967>	"ca:Molí de can Pujades"
<http://www.wikidata.org/entity/Q133885253>	"ca:Molí del Mig"
<http://www.wikidata.org/entity/Q133885262>	"ca:Molí d'en Batllori / Molí Xic"
<http://www.wikidata.org/entity/Q133885264>	"ca:Molí del Vinyals"
<http://www.wikidata.org/entity/Q133889866>	"ca:Molí de Can Patatetes"
<http://www.wikidata.org/entity/Q134029649>	"de:Schiefes Haus"
<http://www.wikidata.org/entity/Q134562760>	"mul:Młyn nad Starą Regą|pl:Młyn nad Starą Regą"
<http://www.wikidata.org/entity/Q134692248>	"mul:Schwaltenmühle|de:Schwaltenmühle"
<http://www.wikidata.org/entity/Q134838590>	"ca:Molí del Marcet"
<http://www.wikidata.org/entity/Q134930573>	"ca:Molí de la Canal"
<http://www.wikidata.org/entity/Q135187132>	"mul:Braunauer Mühle|de:Braunauer Mühle|pl:Młyn wodny w Brunowie"
<http://www.wikidata.org/entity/Q135193771>	"mul:Młyn wodny Żerkowice|de:Wassermühle Sirgwitz|pl:Młyn wodny w Żerkowicach"
<http://www.wikidata.org/entity/Q135283942>	"de:Molino de Agua (Icod de los Vinos)|es:Molino de Agua (Icod de los Vinos)"
<http://www.wikidata.org/entity/Q135285761>	"nl:Arnautsmolen"
<http://www.wikidata.org/entity/Q135399447>	"cs:Podklášterní mlýn|pl:młyn w Policach nad Metují"
<http://www.wikidata.org/entity/Q135650321>	"pl:młyn w Janinowie"
<http://www.wikidata.org/entity/Q136117997>	"pl:młyn w Anielinie Swędowskim"
<http://www.wikidata.org/entity/Q136231502>	"de:Ehemalige Talmühle Niedermanderscheid"
<http://www.wikidata.org/entity/Q136324275>	"fr:Wassermühle Eitzmühlen|de:Wassermühle Eitzmühlen"
<http://www.wikidata.org/entity/Q136400063>	"mul:Le Petit Moulin (Orbec)|fr:Le Petit Moulin (Orbec)|es:Le Petit Moulin (Orbec)"
<http://www.wikidata.org/entity/Q136525338>	"de:Wassermühle Negenborn"
<http://www.wikidata.org/entity/Q136543422>	"de:Herzogmühle"
<http://www.wikidata.org/entity/Q136721727>	"sv:Strömbergs kvarn"
<http://www.wikidata.org/entity/Q136769220>	"pt:Moinho do Alferes"
<http://www.wikidata.org/entity/Q13743964>	"nl:Klaaskensmolen"
<http://www.wikidata.org/entity/Q137442431>	"mul:Friedensmühle Muskau|de:Friedensmühle Muskau"
<http://www.wikidata.org/entity/Q137646515>	"de:Wassermühle Linnenkamp"
<http://www.wikidata.org/entity/Q137646585>	"de:Gutsmühle Rittergut Bennigsen l"
<http://www.wikidata.org/entity/Q137646607>	"de:Hallermühle"
<http://www.wikidata.org/entity/Q137646617>	"de:Neetzendorf Wassermühle"
<http://www.wikidata.org/entity/Q137660568>	"de:Mühle Ellringen"
<http://www.wikidata.org/entity/Q137660577>	"de:Mühle Neetze-Neumühlen"
<http://www.wikidata.org/entity/Q137660591>	"de:Wassermühle Thomasburg"
<http://www.wikidata.org/entity/Q137660594>	"de:Abtsmühle"
<http://www.wikidata.org/entity/Q137660603>	"de:Wassermühle Lübeln"
<http://www.wikidata.org/entity/Q137660610>	"de:Wassermühle Gühlitz"
<http://www.wikidata.org/entity/Q137660612>	"de:Wassermühle Zeetze"
<http://www.wikidata.org/entity/Q137660614>	"de:Wassermühle Köhlen"
<http://www.wikidata.org/entity/Q137660616>	"de:Harper Wassermühle"
<http://www.wikidata.org/entity/Q137660628>	"de:Wassermühle Ovelgönne"
<http://www.wikidata.org/entity/Q137660635>	"de:Wassermühle Gut Daudieck"
<http://www.wikidata.org/entity/Q137660650>	"de:Bülstedter Mühle"
<http://www.wikidata.org/entity/Q137660657>	"de:Wassermühle Holtorf"
<http://www.wikidata.org/entity/Q137660691>	"de:Mühle Röhrser Straße 4 a"
<http://www.wikidata.org/entity/Q137660696>	"mul:Wassermühle Holxen|de:Wassermühle Holxen"
<http://www.wikidata.org/entity/Q137660699>	"mul:Wassermühle Wieren|de:Wassermühle Wieren"
<http://www.wikidata.org/entity/Q137660710>	"de:Wassermühle Esterholz"
<http://www.wikidata.org/entity/Q137660720>	"de:Wassermühle Rittergut von Weyhe"
<http://www.wikidata.org/entity/Q137660726>	"de:Grimsmühle"
<http://www.wikidata.org/entity/Q137660734>	"de:Wassermühle Eickmühle"
<http://www.wikidata.org/entity/Q137660810>	"de:Pumpmühle"
<http://www.wikidata.org/entity/Q137661005>	"mul:Herrenmühle Königslutter|de:Herrenmühle Königslutter"
<http://www.wikidata.org/entity/Q137661714>	"de:Wassermühle Marienrode"
<http://www.wikidata.org/entity/Q137665923>	"de:Wassermühle Gut Oedinberge"
<http://www.wikidata.org/entity/Q137698801>	"ca:Molí dels Fogars"
<http://www.wikidata.org/entity/Q137705245>	"de:Außenmühle Uelzen"
<http://www.wikidata.org/entity/Q137708943>	"de:Gellenbecker Mühle"
<http://www.wikidata.org/entity/Q137708964>	"de:Gut Hagener Mühle"
<http://www.wikidata.org/entity/Q137708973>	"de:Hagenmühle"
<http://www.wikidata.org/entity/Q137708986>	"de:Haster Mühle"
<http://www.wikidata.org/entity/Q137709007>	"de:Herrenmühle"
<http://www.wikidata.org/entity/Q137710804>	"de:Wassermühle Herriehausen"
<http://www.wikidata.org/entity/Q137710866>	"de:Krebsburger Mühle"
<http://www.wikidata.org/entity/Q137710898>	"de:Kuckucksmühle"
<http://www.wikidata.org/entity/Q137718911>	"de:Mühle Schneider"
<http://www.wikidata.org/entity/Q137722492>	"de:Nackte Mühle"
<http://www.wikidata.org/entity/Q137722550>	"de:Neue Mühle"
<http://www.wikidata.org/entity/Q137722562>	"de:Neue Mühle Oelerse"
<http://www.wikidata.org/entity/Q137732104>	"de:Ölmühle Gut Ostenwalde"
<http://www.wikidata.org/entity/Q137732403>	"de:Ostermühle"
<http://www.wikidata.org/entity/Q137732553>	"de:Rockenmühle"
<http://www.wikidata.org/entity/Q137732605>	"de:Rottmühle"
<http://www.wikidata.org/entity/Q137732750>	"de:Schloßmühle Holdenstedt"
<http://www.wikidata.org/entity/Q137732788>	"de:Palsterkamper Mühle"
<http://www.wikidata.org/entity/Q137732833>	"de:Wassermühle Gut Sutthausen"
<http://www.wikidata.org/entity/Q137732860>	"de:Wassermühle zu Kettenkamp"
<http://www.wikidata.org/entity/Q137737919>	"de:Gutsmühle Süpplingenburg"
<http://www.wikidata.org/entity/Q137738057>	"de:Amtsmühle Nienover"
<http://www.wikidata.org/entity/Q137738074>	"de:Mühle Katlenburg"
<http://www.wikidata.org/entity/Q137739761>	"de:Wassermühle Bergen"
<http://www.wikidata.org/entity/Q137739781>	"de:Wassermühle Groß Oesingen"
<http://www.wikidata.org/entity/Q137739791>	"de:Rentelmannsche Wassermühle"
<http://www.wikidata.org/entity/Q137739797>	"de:Okermühle Meinersen"
<http://www.wikidata.org/entity/Q137739799>	"de:Gosemühle"
<http://www.wikidata.org/entity/Q137739802>	"de:Bottendorfer Wassermühle"
<http://www.wikidata.org/entity/Q137739999>	"de:Heimathaus Alte Mühle"
<http://www.wikidata.org/entity/Q137744634>	"de:Schwinkermühle"
<http://www.wikidata.org/entity/Q137744978>	"de:Stemmener Mühle"
<http://www.wikidata.org/entity/Q137745366>	"de:Sandmühle"
<http://www.wikidata.org/entity/Q137746014>	"de:Gutsmühle Varrel"
<http://www.wikidata.org/entity/Q137746734>	"de:Wassermühle Segeste"
<http://www.wikidata.org/entity/Q137750888>	"de:Wassermühle Almstedt"
<http://www.wikidata.org/entity/Q137751148>	"de:Wassermühle Wehrstedt"
<http://www.wikidata.org/entity/Q137751273>	"de:Mühle Banteln"
<http://www.wikidata.org/entity/Q137751556>	"de:Wassermühle Eberholzen"
<http://www.wikidata.org/entity/Q137752130>	"de:Wassermühle Nettlingen"
<http://www.wikidata.org/entity/Q137752615>	"de:Wassermühle Wrisbergholzen"
<http://www.wikidata.org/entity/Q137752622>	"de:Wassermühle Langenholzen"
<http://www.wikidata.org/entity/Q137752831>	"de:Wassermühle Wispenstein"
<http://www.wikidata.org/entity/Q137752879>	"de:Wassermühle Krankenhagen"
<http://www.wikidata.org/entity/Q137752907>	"de:Wassermühle Greife"
<http://www.wikidata.org/entity/Q137752918>	"de:Mühle zu Gut Huntemühlen"
<http://www.wikidata.org/entity/Q137755007>	"ca:Molí de Cal Castells (Fàbrica J. Vilaseca S.A.) i vestigis dels molinsde Cal Mata i Can Separa"
<http://www.wikidata.org/entity/Q137757334>	"de:Howieker Wassermühle"
<http://www.wikidata.org/entity/Q137757347>	"de:Höltermansche Mühle"
<http://www.wikidata.org/entity/Q137757354>	"de:Wassermühle Nordhofe"
<http://www.wikidata.org/entity/Q137757358>	"de:Wassermühle Burg Dinklage"
<http://www.wikidata.org/entity/Q137757363>	"de:Wassermühle Bredemeyers Hof"
<http://www.wikidata.org/entity/Q137757367>	"de:Wassermühle Blomendahl"
<http://www.wikidata.org/entity/Q137757387>	"de:Wassermühle Meierhofes Mühlen"
<http://www.wikidata.org/entity/Q137757507>	"de:Putkermühle"
<http://www.wikidata.org/entity/Q137767775>	"cs:mlýn v Křimicích"
<http://www.wikidata.org/entity/Q137767902>	"ca:Molí d'oli de Cal Gibert (Sant Genís)"
<http://www.wikidata.org/entity/Q137769680>	"ca:Molí de can Llop"
<http://www.wikidata.org/entity/Q137794842>	"ca:Molí de cal Massagué o de cal Mateu"
<http://www.wikidata.org/entity/Q137795092>	"ca:Molí de Gualba"
<http://www.wikidata.org/entity/Q137801551>	"ca:Molí de Dalt de Cal Coca"
<http://www.wikidata.org/entity/Q137802763>	"ca:Molí de Viladecans"
<http://www.wikidata.org/entity/Q137803010>	"ca:Molí nou de la Riera"
<http://www.wikidata.org/entity/Q137805892>	"ca:Molí de can Còdol 2"
<http://www.wikidata.org/entity/Q137806650>	"ca:Molí de la Vila / la Baganense"
<http://www.wikidata.org/entity/Q137927105>	"ca:Molí de Dalt de Mosqueroles"
<http://www.wikidata.org/entity/Q137944739>	"ca:Molí de les Pipes"
<http://www.wikidata.org/entity/Q137944806>	"ca:Molí de ca n'Illa del Pont"
<http://www.wikidata.org/entity/Q137994742>	"cs:Nučický mlýn"
<http://www.wikidata.org/entity/Q138856942>	"it:Gumbi di Pattarello"
<http://www.wikidata.org/entity/Q138941343>	"it:Gumbu de Canteraina"
<http://www.wikidata.org/entity/Q138972589>	"be:Вадзяны млын (Орша)"
<http://www.wikidata.org/entity/Q139410833>	"ca:Molí del Pujol"
<http://www.wikidata.org/entity/Q139411371>	"ca:Molí de Casanovas"
<http://www.wikidata.org/entity/Q139412039>	"ca:Molí d'Altarriba"
<http://www.wikidata.org/entity/Q139736592>	"ca:Molí del Bach"
<http://www.wikidata.org/entity/Q139883866>	"mul:Watermolen Dunau van Lieshout|nl:Watermolen Dunau van Lieshout"
<http://www.wikidata.org/entity/Q139893185>	"ca:Molí del Blanquer"
<http://www.wikidata.org/entity/Q140681465>	"mul:Löffelmühle|de:Löffelmühle"
<http://www.wikidata.org/entity/Q1408935>	"de:Helpensteinmühle|ru:Хельпенштайн (мельница)"
<http://www.wikidata.org/entity/Q141182165>	"ca:Molí del Brillant"
<http://www.wikidata.org/entity/Q141182166>	"ca:Molí de la Gratella"
<http://www.wikidata.org/entity/Q141182169>	"ca:Molí de la Bassa"
<http://www.wikidata.org/entity/Q141182170>	"ca:Molí i fàbrica de cal Nelas"
<http://www.wikidata.org/entity/Q141469634>	"da:Labing Vandmølle"
<http://www.wikidata.org/entity/Q1469598>	"he:פרונאור האמר|nl:Frohnauer Hammer|de:Frohnauer Hammer"
<http://www.wikidata.org/entity/Q1516788>	"de:Oberer Eisenhammer"
<http://www.wikidata.org/entity/Q1542816>	"de:Mittelndorfer Mühle"
<http://www.wikidata.org/entity/Q15792109>	"de:Aspermühle"
<http://www.wikidata.org/entity/Q15792727>	"de:Bimmener Mühle"
<http://www.wikidata.org/entity/Q15853721>	"de:Wassermühle Deelbrügge"
<http://www.wikidata.org/entity/Q15867762>	"de:Schweickhardt’sche Kunstmühle"
<http://www.wikidata.org/entity/Q15873102>	"nl:Biesenslagmolen"
<http://www.wikidata.org/entity/Q15874614>	"nl:Dorpermolen"
<http://www.wikidata.org/entity/Q15879834>	"nl:Nieuwe Molen"
<http://www.wikidata.org/entity/Q15910221>	"nl:Nieuwbeekmolen"
<http://www.wikidata.org/entity/Q1592459>	"de:Wassermühle Nenkersdorf"
<http://www.wikidata.org/entity/Q1609663>	"de:Herrenmühle"
<http://www.wikidata.org/entity/Q1610055>	"de:Herklotzmühle"
<http://www.wikidata.org/entity/Q16218306>	"de:Wassermühle Derneburg"
<http://www.wikidata.org/entity/Q16321288>	"ca:Molí de la Torre|de:Molí de la Torre (el Far d'Empordà)|es:Molí de la Torre (el Far d'Empordà)"
<http://www.wikidata.org/entity/Q16323263>	"da:Brundlund Slotsmølle"
<http://www.wikidata.org/entity/Q16324953>	"da:Vejstrup Vandmølle"
<http://www.wikidata.org/entity/Q16580965>	"pl:Młyn Górny w Malborku"
<http://www.wikidata.org/entity/Q16580975>	"pl:Młyn wodny w Stradunach"
<http://www.wikidata.org/entity/Q16665379>	"nl:Nekkergatsmolen|fr:moulin du Nekkersgat|de:Nekkersgat-Mühle"
<http://www.wikidata.org/entity/Q1668980>	"de:Unterer Eisenhammer"
<http://www.wikidata.org/entity/Q16765400>	"cs:vodní mlýn v Hrubšicích"
<http://www.wikidata.org/entity/Q16964724>	"tr:Mormoulins Değirmeni|fr:moulin de Mormoulins|de:Mühle von Mormoulins"
<http://www.wikidata.org/entity/Q1709696>	"de:Wassermühle Hanshagen"
<http://www.wikidata.org/entity/Q17122733>	"mul:Dammühle (Wehrshausen)|de:Dammühle (Wehrshausen)"
<http://www.wikidata.org/entity/Q17600688>	"ca:El Molí del Castell"
<http://www.wikidata.org/entity/Q1772963>	"de:Wassermühle Stuckenborstel"
<http://www.wikidata.org/entity/Q1774875>	"nl:Klopfermühle Lengenfeld|de:Klopfermühle Lengenfeld"
<http://www.wikidata.org/entity/Q1776464>	"de:Klostermühle Pohl"
<http://www.wikidata.org/entity/Q18003984>	"ca:El Molí del Castell"
<http://www.wikidata.org/entity/Q18004830>	"ca:El Molí de Moixons"
<http://www.wikidata.org/entity/Q18004833>	"ca:Molí d'en Dou|fr:Molí d'en Dou|es:Molí d'en Dou"
<http://www.wikidata.org/entity/Q18004837>	"ca:Molí d'oli"
<http://www.wikidata.org/entity/Q18004841>	"ca:Molí de Boixadors de Dalt|fr:Molí de Boixadors|eu:Molí de Boixadors|pt:Molí de Boixadors"
<http://www.wikidata.org/entity/Q18004845>	"ca:Molí de Buida-sacs"
<http://www.wikidata.org/entity/Q18004853>	"ca:Molí de l'Estrada"
<http://www.wikidata.org/entity/Q18004862>	"ca:Molí de Marfà"
<http://www.wikidata.org/entity/Q18004877>	"ca:molí del Lledó"
<http://www.wikidata.org/entity/Q18004882>	"ca:Molí del Mig"
<http://www.wikidata.org/entity/Q18004885>	"ca:Molí del Tarruella"
<http://www.wikidata.org/entity/Q18004888>	"ca:Molí del Vinyes"
<http://www.wikidata.org/entity/Q18004889>	"ca:Molí dels Frares"
<http://www.wikidata.org/entity/Q18004908>	"ca:Molí de Bellús"
<http://www.wikidata.org/entity/Q18004917>	"ca:Molí del Comte"
<http://www.wikidata.org/entity/Q18004918>	"ca:Molí del Majà"
<http://www.wikidata.org/entity/Q18004919>	"ca:molí dels Cups"
<http://www.wikidata.org/entity/Q1817379>	"nl:Opwettense watermolen"
<http://www.wikidata.org/entity/Q18335226>	"fr:Scierie d'Åsens|sv:Åsens sågverk"
<http://www.wikidata.org/entity/Q1843870>	"nl:Oliemolen|de:Ölmühle"
<http://www.wikidata.org/entity/Q1852525>	"nl:Watermolen van Ruth"
<http://www.wikidata.org/entity/Q18631070>	"de:Stadtmuseum Alte Hofmühle"
<http://www.wikidata.org/entity/Q18632658>	"de:Wassermühle Bademühlen"
<http://www.wikidata.org/entity/Q18696644>	"ca:Molí de Santa Fe"
<http://www.wikidata.org/entity/Q18696645>	"ca:Molí de Xixons"
<http://www.wikidata.org/entity/Q1882915>	"de:Egermühle"
<http://www.wikidata.org/entity/Q1924647>	"nl:Broekkantmolen"
<http://www.wikidata.org/entity/Q19256569>	"ca:era Mòla de Bagergue"
<http://www.wikidata.org/entity/Q19257114>	"ca:Molí de Sanaüja"
<http://www.wikidata.org/entity/Q19257116>	"ca:Molí de Terrers"
<http://www.wikidata.org/entity/Q19257118>	"ca:Molí del Cava"
<http://www.wikidata.org/entity/Q19362384>	"fr:Moulin du château|de:Schlossmühle"
<http://www.wikidata.org/entity/Q19362385>	"fr:ancien moulin inférieur|de:Ehemalige untere Mühle"
<http://www.wikidata.org/entity/Q19362607>	"it:sega di Mühletal|fr:scierie de Mühletal|de:Säge Mühletal"
<http://www.wikidata.org/entity/Q19368101>	"ca:Molí de Querol"
<http://www.wikidata.org/entity/Q19368102>	"ca:Molí d'en Jan"
<http://www.wikidata.org/entity/Q19368103>	"ca:Molí de Cal Ton del Pere"
<http://www.wikidata.org/entity/Q19368105>	"ca:Molí del Morgades"
<http://www.wikidata.org/entity/Q1940300>	"de:Mittelmühle Wennigsen"
<http://www.wikidata.org/entity/Q1957989>	"de:Mönchmühle Ravensburg"
<http://www.wikidata.org/entity/Q19594044>	"ca:molí de l'Amat|it:molí de l'Amat|nl:molí de l'Amat|fr:molí de l'Amat|de:molí de l'Amat|es:molí de l'Amat|eu:molí de l'Amat|pt:molí de l'Amat"
<http://www.wikidata.org/entity/Q19787737>	"de:Holmer Mühle"
<http://www.wikidata.org/entity/Q1987714>	"de:Niedere Mühle Niederoderwitz"
<http://www.wikidata.org/entity/Q20032334>	"de:Teufelsmühle Schwarzbach|pl:Czarci Młyn w Świeradowie-Zdroju"
<http://www.wikidata.org/entity/Q2010460>	"de:Obermühle (Görlitz)"
<http://www.wikidata.org/entity/Q20106161>	"ca:Molí d'en Barata"
<http://www.wikidata.org/entity/Q20106176>	"ca:Molí Vermell|it:molí Vermell|fr:molí Vermell|es:molí Vermell"
<http://www.wikidata.org/entity/Q2041492>	"nl:Sprietmolen"
<http://www.wikidata.org/entity/Q20888321>	"ca:molí de Rigat"
<http://www.wikidata.org/entity/Q20901298>	"ca:Molí de Baix de Sant Antolí"
<http://www.wikidata.org/entity/Q20901299>	"ca:Molí de Ca l'Almiralló"
<http://www.wikidata.org/entity/Q20901305>	"ca:Molí de Dalt de Sant Antolí"
<http://www.wikidata.org/entity/Q20901309>	"ca:molí de la Boixera"
<http://www.wikidata.org/entity/Q20901310>	"ca:Molí de Sant Pere dels Arquells"
<http://www.wikidata.org/entity/Q20901313>	"ca:Mas del Molí"
<http://www.wikidata.org/entity/Q20985062>	"ca:Cal Bota|es:Cal Bota"
<http://www.wikidata.org/entity/Q20986020>	"ca:Molí de Ca n'Oliver"
<http://www.wikidata.org/entity/Q20986022>	"ca:Molí de l'Alcover"
<http://www.wikidata.org/entity/Q20986027>	"ca:Molí del Camell de Dalt"
<http://www.wikidata.org/entity/Q20986028>	"ca:molí del Moreno"
<http://www.wikidata.org/entity/Q20986030>	"ca:Molí dels Hostalets"
<http://www.wikidata.org/entity/Q20986033>	"ca:Molins de Segur|fr:Molí de la Roda|es:Molinos de Segur o de la Roda (Edificio fortificado)|eu:Molí de la Roda|pt:Molí de la Roda"
<http://www.wikidata.org/entity/Q20986034>	"ca:molí d'Escrigues"
<http://www.wikidata.org/entity/Q20986036>	"ca:molí de Minoves"
<http://www.wikidata.org/entity/Q20986039>	"ca:molí del Mas"
<http://www.wikidata.org/entity/Q21077348>	"ca:Molí de Campalans"
<http://www.wikidata.org/entity/Q21077349>	"ca:molí de Canemars"
<http://www.wikidata.org/entity/Q21077352>	"ca:Molí de Danyans"
<http://www.wikidata.org/entity/Q21077354>	"ca:molí de la Portella|nl:Molí de la Portella"
<http://www.wikidata.org/entity/Q21077355>	"ca:Molí de la Sala"
<http://www.wikidata.org/entity/Q21077356>	"ca:molí de les Heures"
<http://www.wikidata.org/entity/Q21077363>	"ca:Molí del Xic"
<http://www.wikidata.org/entity/Q21077395>	"ca:Molí de la Riereta"
<http://www.wikidata.org/entity/Q2117023>	"nl:Collse Watermolen"
<http://www.wikidata.org/entity/Q2117040>	"nl:Slagmolen"
<http://www.wikidata.org/entity/Q2117839>	"nl:Watermolen van Hattem-Molecaten"
<http://www.wikidata.org/entity/Q21402439>	"ca:molí del Bep de Canut"
<http://www.wikidata.org/entity/Q21480076>	"ca:Molí de Dalt"
<http://www.wikidata.org/entity/Q21480077>	"ca:molí de Gósol"
<http://www.wikidata.org/entity/Q21480078>	"ca:Molí de l'Avellanosa"
<http://www.wikidata.org/entity/Q21480079>	"ca:Molí de la Nou"
<http://www.wikidata.org/entity/Q21603943>	"ca:el Molí del Puig"
<http://www.wikidata.org/entity/Q21622695>	"ca:Molí de Baix"
<http://www.wikidata.org/entity/Q21622699>	"ca:Molí de la Farga"
<http://www.wikidata.org/entity/Q21622702>	"ca:Molí de la Palanca"
<http://www.wikidata.org/entity/Q21622704>	"ca:Molí de les Flors"
<http://www.wikidata.org/entity/Q21622706>	"ca:Molí de les Llenes"
<http://www.wikidata.org/entity/Q21622712>	"ca:Molí de Maçaners"
<http://www.wikidata.org/entity/Q21622719>	"ca:Molí de Vallcebre"
<http://www.wikidata.org/entity/Q2170262>	"nl:Dorpermolen"
<http://www.wikidata.org/entity/Q21748970>	"ca:Molí de Rocafort"
<http://www.wikidata.org/entity/Q21849442>	"ca:molí d'en Vilallonga i aqüeducte"
<http://www.wikidata.org/entity/Q21899289>	"ca:Molí de la Llosa"
<http://www.wikidata.org/entity/Q2244628>	"de:Schlossmühle (Rochlitz)"
<http://www.wikidata.org/entity/Q22691177>	"de:Anhofer Mühle"
<http://www.wikidata.org/entity/Q22693876>	"cs:Starý mlýn|de:Schützenmühle"
<http://www.wikidata.org/entity/Q22694682>	"de:Wünschmannmühle"
<http://www.wikidata.org/entity/Q22806754>	"da:Tarskov Møllegård"
<http://www.wikidata.org/entity/Q22915879>	"tr:Chaussée Değirmeni|fr:moulin de la Chaussée"
<http://www.wikidata.org/entity/Q22920244>	"tr:Noès Değirmeni|fr:moulin de Noès"
<http://www.wikidata.org/entity/Q22927278>	"fr:moulin de Rimaison"
<http://www.wikidata.org/entity/Q22964235>	"tr:Bosq Değirmeni|fr:moulin du Bosq"
<http://www.wikidata.org/entity/Q2296808>	"nl:Oude Molen"
<http://www.wikidata.org/entity/Q23499047>	"ca:molí d'en Gomis"
<http://www.wikidata.org/entity/Q23502315>	"ca:Fàbrica Nova|es:Fábrica Nova"
<http://www.wikidata.org/entity/Q23929990>	"cs:Dašovský mlýn"
<http://www.wikidata.org/entity/Q2482418>	"nl:Bulkemsmolen"
<http://www.wikidata.org/entity/Q2512617>	"nl:Wambachermolen"
<http://www.wikidata.org/entity/Q25423063>	"ca:Molí d'Hostafrancs"
<http://www.wikidata.org/entity/Q25423074>	"ca:Molí del Serra"
<http://www.wikidata.org/entity/Q25423075>	"ca:Molí Boixadera"
<http://www.wikidata.org/entity/Q25433906>	"ca:Molí del Castell"
<http://www.wikidata.org/entity/Q2551326>	"de:Wassermühle Sythen"
<http://www.wikidata.org/entity/Q2554836>	"de:Weicheltmühle"
<http://www.wikidata.org/entity/Q2609723>	"cs:městská elektrárna v Písku|nl:Energiecentrale Písek"
<http://www.wikidata.org/entity/Q2629909>	"nl:watermolen Keppelsche IJzergieterij"
<http://www.wikidata.org/entity/Q26806263>	"ca:molí de Surroca"
<http://www.wikidata.org/entity/Q26821571>	"de:Belgenbacher Mühle"
<http://www.wikidata.org/entity/Q26821634>	"nb:Lochmühle|de:Lochmühle Lohmen"
<http://www.wikidata.org/entity/Q26836673>	"de:Bienertmühle"
<http://www.wikidata.org/entity/Q2691647>	"nl:Kilsdonkse Molen"
<http://www.wikidata.org/entity/Q27087941>	"nl:Obermühle|de:Obermühle"
<http://www.wikidata.org/entity/Q28100111>	"de:Barthmühle"
<http://www.wikidata.org/entity/Q28100152>	"de:Stübemühle"
<http://www.wikidata.org/entity/Q28100183>	"de:Winkelmühle"
<http://www.wikidata.org/entity/Q28192703>	"ca:Era de Vielha"
<http://www.wikidata.org/entity/Q28374100>	"ca:Molí de Baix"
<http://www.wikidata.org/entity/Q28374504>	"ca:Molí de Dalt"
<http://www.wikidata.org/entity/Q28374536>	"ca:Molí de Dalt del Vidal"
<http://www.wikidata.org/entity/Q28377699>	"ca:Molí de l'Esclop"
<http://www.wikidata.org/entity/Q28377741>	"ca:Molí de la Casa Nova"
<http://www.wikidata.org/entity/Q28377818>	"ca:Molí de la Roureda"
<http://www.wikidata.org/entity/Q28378137>	"ca:Molí de Sedó"
<http://www.wikidata.org/entity/Q28379766>	"ca:Molí del Mig"
<http://www.wikidata.org/entity/Q28379775>	"ca:Molí del Solsona de Baix"
<http://www.wikidata.org/entity/Q28379777>	"ca:Molí del Vidal"
<http://www.wikidata.org/entity/Q28379785>	"ca:Molí del Vives"
<http://www.wikidata.org/entity/Q28662532>	"ca:Molí de Farinós|es:Molino de Farinós"
<http://www.wikidata.org/entity/Q28675452>	"es:Molino de curtido de Toruń|pl:Młyn Garbarski w Toruniu"
<http://www.wikidata.org/entity/Q28711279>	"ca:El Molí d'en Coma"
<http://www.wikidata.org/entity/Q28711539>	"ca:molí de Saborit|fr:Can Saborit|de:Can Saborit|eu:Can Saborit|pt:Can Saborit"
<http://www.wikidata.org/entity/Q28711613>	"ca:Era Mòla de Betren|fr:Era Mòla|de:Era Mòla|eu:Era Mòla|pt:Era Mòla"
<http://www.wikidata.org/entity/Q28711891>	"ca:molí de Fontova"
<http://www.wikidata.org/entity/Q28711892>	"ca:molí de la Torre Blanca"
<http://www.wikidata.org/entity/Q28711940>	"ca:Molí de Sant Anastasi"
<http://www.wikidata.org/entity/Q28712449>	"ca:molí de l'Horta"
<http://www.wikidata.org/entity/Q28712450>	"ca:molí de la Canya"
<http://www.wikidata.org/entity/Q28752752>	"nl:Le Moulin d'Olivet|fr:moulin d'Olivet"
<http://www.wikidata.org/entity/Q29444465>	"cy:Court Mill"
<http://www.wikidata.org/entity/Q29445780>	"tr:Boël Değirmeni|fr:moulin du Boël|es:Moulin du Boël"
<http://www.wikidata.org/entity/Q29479850>	"fr:minoterie Messac Guipry"
<http://www.wikidata.org/entity/Q29565458>	"cs:Mlýn Janderov"
<http://www.wikidata.org/entity/Q29822902>	"ca:Molí de la Lloma (Massamagrell)|es:Molí de la Lloma"
<http://www.wikidata.org/entity/Q29958448>	"ca:Molí de Baix, Massamagrell|es:Molí de Baix, Masamagrell"
<http://www.wikidata.org/entity/Q29964983>	"pl:Młyn wodny, drewn."
<http://www.wikidata.org/entity/Q29965213>	"pl:Młyn"
<http://www.wikidata.org/entity/Q29976812>	"pl:Młyn"
<http://www.wikidata.org/entity/Q30034776>	"pl:Budynek administracji młynów, ob. budynek mieszkalny (dec. dom)"
<http://www.wikidata.org/entity/Q30035394>	"pl:Młyn Górny w Grudziądzu"
<http://www.wikidata.org/entity/Q30036852>	"pl:Młyn parowy L. Sterna"
<http://www.wikidata.org/entity/Q30037617>	"pl:Dwór młynarza w Chobielinie"
<http://www.wikidata.org/entity/Q30037622>	"pl:Młyn wodny"
<http://www.wikidata.org/entity/Q30037886>	"pl:Młyn zbożowy"
<http://www.wikidata.org/entity/Q30037947>	"pl:Młyn wodny"
<http://www.wikidata.org/entity/Q30038505>	"pl:Młyn wodny w Grucznie"
<http://www.wikidata.org/entity/Q30038543>	"pl:Młyn zbożowy"
<http://www.wikidata.org/entity/Q30038546>	"pl:Dom młynarza"
<http://www.wikidata.org/entity/Q30039012>	"pl:Gorzelnia, ob. młyn"
<http://www.wikidata.org/entity/Q30040144>	"pl:Młyn (nr 35)"
<http://www.wikidata.org/entity/Q30040393>	"pl:Młyn wodny"
<http://www.wikidata.org/entity/Q30041684>	"pl:Wiatrak-młyn"
<http://www.wikidata.org/entity/Q30041783>	"pl:Wiatrak - młyn (nr 3) przy drodze Kłoda Wielka - Góra"
<http://www.wikidata.org/entity/Q30041878>	"pl:Wiatrak-młyn (nr 21)"
<http://www.wikidata.org/entity/Q30045501>	"mul:Młyn z piekarnią Kowary|de:Mühle Schmiedeberg|pl:Młyn z piekarnią, ob. dom mieszkalny"
<http://www.wikidata.org/entity/Q30045726>	"mul:Młyn Karpniki|de:Fischbacher Mühle|pl:Młyn wodno-elektryczny"
<http://www.wikidata.org/entity/Q30045950>	"mul:Młyn Przesieka|de:Alte Mühle Hain|pl:Młyn w Przesiece"
<http://www.wikidata.org/entity/Q30046094>	"mul:Młyn św. Łukasza|de:Lukasmühle Schreiberhau|pl:Młyn św. Łukasza, ob. hotel i restauracja Złota Jama"
<http://www.wikidata.org/entity/Q30046100>	"mul:Młyn wodny w Jawiszowie|de:Wassermühle Klein Hennersdorf|pl:D. młyn wodny"
<http://www.wikidata.org/entity/Q30047127>	"pl:Dom (d. piekarnia) - młyn"
<http://www.wikidata.org/entity/Q30047128>	"pl:Dom młynarza"
<http://www.wikidata.org/entity/Q30051693>	"pl:Młyn wodny (nr 70)"
<http://www.wikidata.org/entity/Q30055349>	"pl:Młyn"
<http://www.wikidata.org/entity/Q30055997>	"mul:Młyn Cieplice Śląskie-Zdrój|de:Mühle in Bad Warmbrunn|pl:Młyn, ob. dom mieszkalny"
<http://www.wikidata.org/entity/Q30056026>	"mul:Młyn Maciejowa|de:Wassermühle Maiwaldau|pl:Młyn w Maciejowie"
<http://www.wikidata.org/entity/Q30060057>	"pl:Młyn wodny z budynkiem gospodarczym w Sławkowie"
<http://www.wikidata.org/entity/Q30060074>	"pl:Budynek mieszkalny z młynem wodnym w Rybarzowicach"
<http://www.wikidata.org/entity/Q30060285>	"pl:Młyn wodny"
<http://www.wikidata.org/entity/Q30061562>	"pl:Młyn wodny, ob. elektryczny"
<http://www.wikidata.org/entity/Q30062376>	"pl:Młyn wodny,drewniany"
<http://www.wikidata.org/entity/Q30070152>	"pl:Młyn wodny"
<http://www.wikidata.org/entity/Q30072573>	"pl:Młyn wodny"
<http://www.wikidata.org/entity/Q30075831>	"pl:Młyn SUŁKOWICE"
<http://www.wikidata.org/entity/Q30075875>	"pl:Młyn przy ul. Zarzecze 2 we Wrocławiu"
<http://www.wikidata.org/entity/Q30077331>	"pl:Młyn, ob. dom"
<http://www.wikidata.org/entity/Q30078923>	"pl:Zespół młyna"
<http://www.wikidata.org/entity/Q30078926>	"pl:Młyn"
<http://www.wikidata.org/entity/Q30079951>	"pl:Młyn wodny"
<http://www.wikidata.org/entity/Q30080669>	"pl:Aleja lipowo-dębowa na odcinku młyn wodny-las"
<http://www.wikidata.org/entity/Q30082776>	"pl:Młyn wodny, ob. dom mieszkalny"
<http://www.wikidata.org/entity/Q30083506>	"pl:Chlewnia z gołębnikiem"
<http://www.wikidata.org/entity/Q30084178>	"pl:Młyn"
<http://www.wikidata.org/entity/Q30084187>	"pl:Zespół młyna (nr 7)"
<http://www.wikidata.org/entity/Q30084188>	"pl:Młyn (nr 7)"
<http://www.wikidata.org/entity/Q30084211>	"pl:Młyn (nr 12a)"
<http://www.wikidata.org/entity/Q30089060>	"pl:Młyn, ob. budynek mieszkalno-gospodarczy nr 144"
<http://www.wikidata.org/entity/Q30089173>	"de:Wassermühle Radomierzyce|pl:Młyn"
<http://www.wikidata.org/entity/Q30089265>	"pl:Zespół młyna trójkołowego"
<http://www.wikidata.org/entity/Q30089267>	"pl:D. budynek administracyjny młyna, ob. mieszkalny"
<http://www.wikidata.org/entity/Q30089268>	"pl:D. elewator młyna"
<http://www.wikidata.org/entity/Q30089377>	"pl:Młyn wodny"
<http://www.wikidata.org/entity/Q30089586>	"pl:Młyn z częścią mieszkalną"
<http://www.wikidata.org/entity/Q30090892>	"pl:Zespół młyna motorowego"
<http://www.wikidata.org/entity/Q30090893>	"pl:Młyn motorowy"
<http://www.wikidata.org/entity/Q30091041>	"pl:Młyn wodno-elektryczny"
<http://www.wikidata.org/entity/Q30092310>	"pl:Zespół młyna wodnego"
<http://www.wikidata.org/entity/Q30092312>	"pl:Młyn wodny"
<http://www.wikidata.org/entity/Q30092314>	"pl:Tzw. młynek"
<http://www.wikidata.org/entity/Q30092316>	"pl:Turbinownia tzw. młynka"
<http://www.wikidata.org/entity/Q30092529>	"pl:Pozostałości młyna"
<http://www.wikidata.org/entity/Q30096780>	"pl:Młyn wodno-elektryczny"
<http://www.wikidata.org/entity/Q30096836>	"pl:Młyn wodno-elektryczny (nr 4)"
<http://www.wikidata.org/entity/Q30098390>	"pl:D. młyn (browar dworski)"
<http://www.wikidata.org/entity/Q30098553>	"pl:Zespół młyna wodno-gazowego"
<http://www.wikidata.org/entity/Q30098555>	"pl:Młyn wodny - budynek główny"
<http://www.wikidata.org/entity/Q30102105>	"pl:Młyn wodny"
<http://www.wikidata.org/entity/Q30102270>	"pl:Młyn wodny"
<http://www.wikidata.org/entity/Q30103775>	"pl:Młyn elektryczny"
<http://www.wikidata.org/entity/Q30104247>	"pl:Młyn wodny, ob. Muzeum Okręgowe"
<http://www.wikidata.org/entity/Q30104373>	"pl:Zespół młyna wodnego w Witnicy"
<http://www.wikidata.org/entity/Q30105605>	"pl:Młyn wodny cysterski"
<http://www.wikidata.org/entity/Q30107921>	"pl:Młyn wodny"
<http://www.wikidata.org/entity/Q30108029>	"pl:Młyn"
<http://www.wikidata.org/entity/Q30136722>	"pl:Młyn wodny"
<http://www.wikidata.org/entity/Q30142127>	"pl:Młyn wodny"
<http://www.wikidata.org/entity/Q30142321>	"pl:Zespół młyna wodnego"
<http://www.wikidata.org/entity/Q30142323>	"pl:Młyn wodny"
<http://www.wikidata.org/entity/Q30158864>	"pl:Młyn wodny"
<http://www.wikidata.org/entity/Q30172450>	"pl:Młyn"
<http://www.wikidata.org/entity/Q30173553>	"pl:Młyn wodny ze skrzydłem mieszkalnym"
<http://www.wikidata.org/entity/Q30184586>	"pl:Młyn wodny, ob. elektryczny"
<http://www.wikidata.org/entity/Q30215657>	"pl:Młyn"
<http://www.wikidata.org/entity/Q30220592>	"pl:Budynek produkcyjny zakładu młynarskiego"
<http://www.wikidata.org/entity/Q30225298>	"pl:Budynek administracyjny młyna w Kluczborku"
<http://www.wikidata.org/entity/Q30228230>	"pl:Młyn wodny"
<http://www.wikidata.org/entity/Q30228281>	"pl:Młyn wodny, ob. dom nr 21"
<http://www.wikidata.org/entity/Q30228305>	"pl:Młyn wodny"
<http://www.wikidata.org/entity/Q30229756>	"de:Zeizig Mühle|pl:Młyn Czyżyka w Prudniku"
<http://www.wikidata.org/entity/Q30229991>	"pl:Młyn"
<http://www.wikidata.org/entity/Q30230546>	"pl:Młyn wodny"
<http://www.wikidata.org/entity/Q30237874>	"pl:Jaz stały i śluza mała na kanale Młynówka"
<http://www.wikidata.org/entity/Q30239601>	"da:Vang Vandmølle"
<http://www.wikidata.org/entity/Q30244944>	"pl:młyn wodny, obecnie dom nr 115 w Jarnołtówku"
<http://www.wikidata.org/entity/Q30245060>	"pl:Młyn wodny nr 82, ob. budynek mieszkalny"
<http://www.wikidata.org/entity/Q30245343>	"pl:Młyn wodny, ob. elektryczny (nr 31)"
<http://www.wikidata.org/entity/Q30533088>	"pl:Młyn wodny"
<http://www.wikidata.org/entity/Q30544092>	"pl:Młyn parowy Frenkla"
<http://www.wikidata.org/entity/Q30553454>	"pl:Młyn wodny"
<http://www.wikidata.org/entity/Q30558180>	"pl:Młyn wodny, ob. elektryczny"
<http://www.wikidata.org/entity/Q30558490>	"pl:Młyn gospodarczy"
<http://www.wikidata.org/entity/Q30572643>	"pl:Młyn wodny"
<http://www.wikidata.org/entity/Q30574226>	"pl:Młyn"
<http://www.wikidata.org/entity/Q30574542>	"pl:Młyn parowy, ob. sklep i magazyn"
<http://www.wikidata.org/entity/Q30579137>	"pl:Młyn wodny"
<http://www.wikidata.org/entity/Q30579214>	"pl:Młyn wodny"
<http://www.wikidata.org/entity/Q30579383>	"pl:Młyn wodny"
<http://www.wikidata.org/entity/Q30581320>	"pl:Młyn wodny nr 38"
<http://www.wikidata.org/entity/Q30581419>	"pl:Młyn zamkowy"
<http://www.wikidata.org/entity/Q30583120>	"pl:Młyn, ob. dom mieszkalny"
<http://www.wikidata.org/entity/Q30583779>	"pl:Stara papiernia w Żukowie"
<http://www.wikidata.org/entity/Q30584059>	"pl:Młyn wodny w Lipuszu"
<http://www.wikidata.org/entity/Q30584502>	"pl:Zespół młyna parowego w Kwidzynie"
<http://www.wikidata.org/entity/Q30584520>	"pl:Młyn z kantorkiem"
<http://www.wikidata.org/entity/Q30617596>	"pl:Młyn z przybudówką"
<http://www.wikidata.org/entity/Q30619334>	"pl:Zespół młyna Emaus"
<http://www.wikidata.org/entity/Q30619337>	"pl:Młyn, ob. magazyn"
<http://www.wikidata.org/entity/Q30650889>	"pl:Zespół młyna wodnego"
<http://www.wikidata.org/entity/Q30650893>	"pl:Młyn wodny"
<http://www.wikidata.org/entity/Q30650905>	"pl:Dom młynarza"
<http://www.wikidata.org/entity/Q30758760>	"pl:Młyn wodny (w zespole folwarcznym), ob. elektrownia i restauracja"
<http://www.wikidata.org/entity/Q30856887>	"cs:Vodní mlýn|de:Schlossmühle Pátek"
<http://www.wikidata.org/entity/Q30860215>	"cs:Šildrův mlýn"
<http://www.wikidata.org/entity/Q31114346>	"pl:Młyn wodny - ruina"
<http://www.wikidata.org/entity/Q31120816>	"pl:Młyn"
<http://www.wikidata.org/entity/Q31132301>	"pl:Młyn wodny, ob. elektryczny"
<http://www.wikidata.org/entity/Q31136068>	"pl:Zespół młyna wodnego"
<http://www.wikidata.org/entity/Q31136074>	"pl:Młyn wodny"
<http://www.wikidata.org/entity/Q31208497>	"cs:Suchánkův mlýn"
<http://www.wikidata.org/entity/Q31445130>	"cs:Usedlost čp. 1"
<http://www.wikidata.org/entity/Q31794583>	"pl:Zespół młyna wodnego"
<http://www.wikidata.org/entity/Q31794631>	"pl:Młyn wodny"
<http://www.wikidata.org/entity/Q31808950>	"pl:Szkoła tzw. Hanza Schule (dec. dom), ob. część Hotelu Młyn, budynek przeniesiony z ul. Pocztowej 2"
<http://www.wikidata.org/entity/Q31809730>	"pl:Zespół młyna wodnego"
<http://www.wikidata.org/entity/Q31809745>	"pl:Młyn"
<http://www.wikidata.org/entity/Q31809913>	"pl:Zespół młyna wodnego na rzece Kumieli w Elblągu"
<http://www.wikidata.org/entity/Q31809928>	"pl:Młyn wodny"
<http://www.wikidata.org/entity/Q31810112>	"pl:Młyn wodny"
<http://www.wikidata.org/entity/Q31845332>	"cs:Vodní mlýn"
<http://www.wikidata.org/entity/Q31853863>	"pl:Młyn"
<http://www.wikidata.org/entity/Q31855657>	"pl:Zespół młyna wodnego"
<http://www.wikidata.org/entity/Q31855677>	"pl:Młyn"
<http://www.wikidata.org/entity/Q31882652>	"pl:Dom młynarza"
<http://www.wikidata.org/entity/Q31886387>	"sv:Grindviks kvarn"
<http://www.wikidata.org/entity/Q31900996>	"pl:Młyn wodny"
<http://www.wikidata.org/entity/Q32017336>	"pl:Młyn wodny"
<http://www.wikidata.org/entity/Q32026639>	"pl:Zespół młyna"
<http://www.wikidata.org/entity/Q32045069>	"pl:Młyn wodny"
<http://www.wikidata.org/entity/Q32136021>	"pl:Młyn parowy"
<http://www.wikidata.org/entity/Q32182124>	"pl:Wiatrak paltrak, ob. młyn motorowy"
<http://www.wikidata.org/entity/Q3246750>	"ca:Molí Curtius|nl:Moulin Curtius|fr:moulin de Curtius|de:Jean Curtius Mühle|es:Molino Curtius de Chaudfontaine|lb:Curtius Millen"
<http://www.wikidata.org/entity/Q33083945>	"pl:Młynarzówka nr 44"
<http://www.wikidata.org/entity/Q33083960>	"pl:Zespół młyna przemysłowego"
<http://www.wikidata.org/entity/Q33084158>	"pl:Młynarzówka"
<http://www.wikidata.org/entity/Q33084161>	"pl:Młyn wodny"
<http://www.wikidata.org/entity/Q33084177>	"pl:Dom młynarza, ekspozycja model wiatraków)"
<http://www.wikidata.org/entity/Q33084211>	"pl:Młyn wodny"
<http://www.wikidata.org/entity/Q33089377>	"pl:Młyn parowy"
<http://www.wikidata.org/entity/Q33135346>	"pl:Młyn"
<http://www.wikidata.org/entity/Q33135437>	"pl:Młyn zbożowy w Pniewach"
<http://www.wikidata.org/entity/Q33238080>	"pl:Młyn wodny"
<http://www.wikidata.org/entity/Q33244487>	"cs:Janatův mlýn"
<http://www.wikidata.org/entity/Q33245528>	"cs:Vodní mlýn Teplice nad Metují (Dolní Teplice)|de:Winter-Mühle Unter Wekelsdorf"
<http://www.wikidata.org/entity/Q33249715>	"pl:Młyn wodny, ob. zajazd"
<http://www.wikidata.org/entity/Q33250447>	"pl:Młyn wodny w Gryficach"
<http://www.wikidata.org/entity/Q33250466>	"pl:Dom młynarza"
<http://www.wikidata.org/entity/Q33258323>	"cs:Řihákův mlýn"
<http://www.wikidata.org/entity/Q33300815>	"pl:Zespół młyna wodnego"
<http://www.wikidata.org/entity/Q33300825>	"pl:Młyn wodny"
<http://www.wikidata.org/entity/Q33300836>	"pl:Dom młynarza"
<http://www.wikidata.org/entity/Q33303226>	"pl:Młyn wodny"
<http://www.wikidata.org/entity/Q33303980>	"pl:Młyn miejski"
<http://www.wikidata.org/entity/Q33309628>	"pl:Młyn (z częścią biurową)"
<http://www.wikidata.org/entity/Q33309638>	"pl:Dom młynarza"
<http://www.wikidata.org/entity/Q33309914>	"cs:Vodní mlýn|de:Wassermühle Marschendorf"
<http://www.wikidata.org/entity/Q33310361>	"pl:Młyn dworski"
<http://www.wikidata.org/entity/Q33314434>	"pl:Młyn wodny, Kanałowa 5a w Darłowie"
<http://www.wikidata.org/entity/Q33314842>	"pl:Młyn wodny"
<http://www.wikidata.org/entity/Q33325417>	"pl:Młyn"
<http://www.wikidata.org/entity/Q33327220>	"pl:Młyn"
<http://www.wikidata.org/entity/Q33327525>	"pl:Młyn wodny, ob. elektryczny"
<http://www.wikidata.org/entity/Q33327555>	"pl:Młyn wodny w Suchanówku"
<http://www.wikidata.org/entity/Q33330561>	"pl:Młyn wodny"
<http://www.wikidata.org/entity/Q33380077>	"pl:Młyn wodny, drewn."
<http://www.wikidata.org/entity/Q33380429>	"pl:Młyn wodny"
<http://www.wikidata.org/entity/Q33382107>	"pl:Młyn wodny, drewn."
<http://www.wikidata.org/entity/Q33403825>	"pl:Zagroda młynarska"
<http://www.wikidata.org/entity/Q33404157>	"pl:Dom młynarza"
<http://www.wikidata.org/entity/Q33419531>	"pl:Młyn"
<http://www.wikidata.org/entity/Q33422131>	"pl:Młyn wodny"
<http://www.wikidata.org/entity/Q33423317>	"pl:Młyn wodny"
<http://www.wikidata.org/entity/Q33426683>	"pl:Zespół domu młynarza"
<http://www.wikidata.org/entity/Q33426703>	"pl:Dom młynarza (dec.: dwór) w Kwaśnie"
<http://www.wikidata.org/entity/Q33468487>	"pl:Młyn wodny z częścią mieszkalną"
<http://www.wikidata.org/entity/Q33471704>	"pl:Młyn wodny, drewn."
<http://www.wikidata.org/entity/Q33473607>	"pl:Młyn wodny, drewniany"
<http://www.wikidata.org/entity/Q33475371>	"pl:Młyn wodny"
<http://www.wikidata.org/entity/Q33475843>	"pl:Młyn wodny"
<http://www.wikidata.org/entity/Q33500915>	"pl:Młyn wodny"
<http://www.wikidata.org/entity/Q33504664>	"pl:Zakład przemysłowy z układem wodnym"
<http://www.wikidata.org/entity/Q33507563>	"pl:Młyn wodny"
<http://www.wikidata.org/entity/Q33512665>	"pl:Zespół młyna w Grobli"
<http://www.wikidata.org/entity/Q33512675>	"pl:Młyn w Grobli"
<http://www.wikidata.org/entity/Q33512685>	"pl:Dom młynarza"
<http://www.wikidata.org/entity/Q33525012>	"cs:Pevnostní mlýn|de:Pevnostní mlýn Josefov"
<http://www.wikidata.org/entity/Q3427177>	"nl:Kruitmolen|de:Pulvermühle"
<http://www.wikidata.org/entity/Q35823532>	"cs:klášterní rezidence"
<http://www.wikidata.org/entity/Q36655261>	"de:Wassermühle Lüllau"
<http://www.wikidata.org/entity/Q37583424>	"ca:Molí de Guiteres|es:Molí de Guiteres"
<http://www.wikidata.org/entity/Q37769631>	"de:Tuxer Getreidemühle"
<http://www.wikidata.org/entity/Q37833457>	"de:Knochenmühle"
<http://www.wikidata.org/entity/Q38189919>	"ca:Molí de Donderis|es:Molino de Donderis"
<http://www.wikidata.org/entity/Q38489273>	"cs:Vodní mlýn čp. 85|de:Makover Mühle"
<http://www.wikidata.org/entity/Q38581934>	"nl:Stadsmolen van Bad Düben|de:Stadtmühle Bad Düben"
<http://www.wikidata.org/entity/Q38586105>	"nl:Scheepsmolen|de:Bergschiffmühle"
<http://www.wikidata.org/entity/Q38814968>	"ca:Molí de Ratat|es:Molino de Ratat"
<http://www.wikidata.org/entity/Q3972121>	"nl:Weltermolen"
<http://www.wikidata.org/entity/Q40161063>	"nl:Niedermühle|de:Niedermühle"
<http://www.wikidata.org/entity/Q40627337>	"cs:Likavský mlýn|sk:Likavský mlyn"
<http://www.wikidata.org/entity/Q41391662>	"de:Griesmühle"
<http://www.wikidata.org/entity/Q41425851>	"de:Ehemalige Mühle"
<http://www.wikidata.org/entity/Q41959364>	"cs:Vodní mlýn Kołaczew|pl:Młyn wodny Kołaczew w Złotym Potoku"
<http://www.wikidata.org/entity/Q41968899>	"nl:Moulin Deborre|fr:Moulin Deborre"
<http://www.wikidata.org/entity/Q41973593>	"nl:Moulin Grenade|fr:Moulin Grenade"
<http://www.wikidata.org/entity/Q41989404>	"nl:Moulin d'Amry|fr:Moulin d'Amry"
<http://www.wikidata.org/entity/Q41991006>	"nl:Moulin Jorissen|fr:Moulin Jorissen"
<http://www.wikidata.org/entity/Q42108546>	"nl:Moulin d'Oborne|fr:Moulin d'Oborne"
<http://www.wikidata.org/entity/Q42108823>	"nl:Vieux Moulin"
<http://www.wikidata.org/entity/Q42115979>	"nl:Moulin Thonnard|fr:Moulin Thonnard"
<http://www.wikidata.org/entity/Q42170167>	"nl:Moulin Depuis"
<http://www.wikidata.org/entity/Q42298214>	"it:Mulino Vettabbia|fr:Moulin à eau Vettabbia"
<http://www.wikidata.org/entity/Q42891301>	"ca:finca i molí dels Comdals|fr:els Comdals|de:els Comdals|eu:els Comdals|pt:els Comdals"
<http://www.wikidata.org/entity/Q42894520>	"hy:Ջրաղաց Պողոսի"
<http://www.wikidata.org/entity/Q43756953>	"lv:Cīravas ūdensdzirnavas"
<http://www.wikidata.org/entity/Q44286570>	"ca:Molí de la Farina"
<http://www.wikidata.org/entity/Q44311754>	"ca:Molí del Valles"
<http://www.wikidata.org/entity/Q44555842>	"nl:Moulin Deuse|fr:Moulin Deuse"
<http://www.wikidata.org/entity/Q45853604>	"lv:Ates ūdensdzirnavas"
<http://www.wikidata.org/entity/Q45854223>	"lv:Mālupes muižas ūdensdzirnavas"
<http://www.wikidata.org/entity/Q46926507>	"lv:Bērzes dzirnavas"
<http://www.wikidata.org/entity/Q46927651>	"lv:Bikstu ūdensdzirnavas"
<http://www.wikidata.org/entity/Q46999398>	"ca:Molí del Remei"
<http://www.wikidata.org/entity/Q47002761>	"lv:Ūdensdzirnavas"
<http://www.wikidata.org/entity/Q47005714>	"ca:Molí del Grau"
<http://www.wikidata.org/entity/Q47005745>	"ca:Molí de Vergós"
<http://www.wikidata.org/entity/Q47005894>	"lv:Pērļa ūdensdzirnavas"
<http://www.wikidata.org/entity/Q47006095>	"lv:Ūdensdzirnavas"
<http://www.wikidata.org/entity/Q47006162>	"lv:Velēnas (Jaunzemnieku) ūdensdzirnavas"
<http://www.wikidata.org/entity/Q47006173>	"lv:Lācītes ūdensdzirnavas"
<http://www.wikidata.org/entity/Q47012871>	"ca:Molí de Tafalla"
<http://www.wikidata.org/entity/Q47015596>	"ca:Molí de l'Esquerrà"
<http://www.wikidata.org/entity/Q47169694>	"ca:Molí de Saleta"
<http://www.wikidata.org/entity/Q47184345>	"ca:molí de Dalt"
<http://www.wikidata.org/entity/Q47184612>	"ca:Molí de l'Arrupit"
<http://www.wikidata.org/entity/Q47184818>	"ca:Molí d'en Bosc|fr:Molí d'en Bosc|eu:Molí d'en Bosc|pt:Molí d'en Bosc"
<http://www.wikidata.org/entity/Q47185079>	"ca:molí de Térmens"
<http://www.wikidata.org/entity/Q47185082>	"ca:Molí de Ribelles"
<http://www.wikidata.org/entity/Q47185242>	"ca:molí de Bojons"
<http://www.wikidata.org/entity/Q47185307>	"ca:Molí de Rosanes"
<http://www.wikidata.org/entity/Q47185678>	"ca:Molí del Campàs"
<http://www.wikidata.org/entity/Q47185700>	"ca:Molí de l'Alzina"
<http://www.wikidata.org/entity/Q47186368>	"ca:Molí del Sors"
<http://www.wikidata.org/entity/Q47188295>	"ca:Molí de Dalt"
<http://www.wikidata.org/entity/Q47188320>	"ca:Molí del Vilella"
<http://www.wikidata.org/entity/Q47188436>	"ca:Molí de la Roca"
<http://www.wikidata.org/entity/Q47188964>	"ca:ca Montserrat Cuadrada i el molí de la Costa de Portal Nou"
<http://www.wikidata.org/entity/Q47499679>	"nl:Moulin d'Évegnée|fr:Moulin d'Évegnée"
<http://www.wikidata.org/entity/Q47982099>	"mul:Wiesenmühle (Flörsheim)|de:Wiesenmühle (Flörsheim)"
<http://www.wikidata.org/entity/Q48205766>	"de:Wesenitzmühle"
<http://www.wikidata.org/entity/Q48205796>	"de:Huste-Mühle"
<http://www.wikidata.org/entity/Q48209074>	"de:Wohnmühlengebäude (mit Mühlentechnik) Mauna 12"
<http://www.wikidata.org/entity/Q48210247>	"de:Körnermühle Lichtenberg"
<http://www.wikidata.org/entity/Q48210531>	"de:Bühlauer Wesenitzmühle"
<http://www.wikidata.org/entity/Q48210627>	"de:Paradiesmühle"
<http://www.wikidata.org/entity/Q48210958>	"de:Wassermühle, ohne hinteren Anbau Mühlenweg 4"
<http://www.wikidata.org/entity/Q48211590>	"de:Wohnhaus in offener Bebauung (ehemalige Mühle) Färbergasse 3"
<http://www.wikidata.org/entity/Q48212211>	"de:Weikersdorfer Mühle"
<http://www.wikidata.org/entity/Q49229827>	"de:Daubemühle"
<http://www.wikidata.org/entity/Q49259416>	"de:Mühle Knauthain; später Kunstmühle Franz Pauli"
<http://www.wikidata.org/entity/Q49278361>	"tr:Mühlenwerke Stahmeln|de:Mühlenwerke Stahmeln"
<http://www.wikidata.org/entity/Q49286959>	"tr:Wassermühle Dölitz|de:Dölitzer Wassermühle"
<http://www.wikidata.org/entity/Q49319552>	"nl:Ehemalige Mühle, als Gasthof genutzt, mit später angebautem Ballsaal, Scheune und Böschungsmauern einer ehemaligen Steinbrücke, die möglicherweise im Zusammenhang mit Mühlennutzung stand Mittweidaer Straße 76|de:Ehemalige Mühle, als Gasthof genutzt, mit später angebautem Ballsaal, Scheune und Böschungsmauern einer ehemaligen Steinbrücke, die möglicherweise im Zusammenhang mit Mühlennutzung stand Mittweidaer Straße 76"
<http://www.wikidata.org/entity/Q49338395>	"de:Ehemalige Spinnmühle Untere Hauptstraße 165"
<http://www.wikidata.org/entity/Q49375252>	"hsb:Hamorowy młyn|de:Hammermühle Bautzen"
<http://www.wikidata.org/entity/Q49377069>	"hsb:Tóčny młyn w Delnim Wujězdźe|de:Schleiferei und Wehr Schloßstraße 8"
<http://www.wikidata.org/entity/Q49393797>	"de:Sägewerk Hensel"
<http://www.wikidata.org/entity/Q49394022>	"de:Harthmühle"
<http://www.wikidata.org/entity/Q49394157>	"de:Mittelmühle"
<http://www.wikidata.org/entity/Q49394442>	"de:Buschmühle"
<http://www.wikidata.org/entity/Q49394458>	"de:Valtentalmühle"
<http://www.wikidata.org/entity/Q49394500>	"de:Knochenmühle"
<http://www.wikidata.org/entity/Q49398996>	"hsb:Kočičanski młyn|de:Katschwitzer Mühle"
<http://www.wikidata.org/entity/Q49402908>	"de:Schnabelmühle; Kunstmühle Großpostwitz, Zur Mühle 1b"
<http://www.wikidata.org/entity/Q49402920>	"de:Hainitzer Mühle"
<http://www.wikidata.org/entity/Q49404034>	"de:Stadtmühle Wittichenau"
<http://www.wikidata.org/entity/Q49404066>	"de:Kobermühle (ohne neuere Anbauten) und Mühlgraben sowie Mühlentechnik Särchener Straße 12"
<http://www.wikidata.org/entity/Q49411107>	"de:Buschmühle und Forsthaus"
<http://www.wikidata.org/entity/Q49411142>	"de:Mahlmühle, Säge- und Hobelwerk Gustav Wobst"
<http://www.wikidata.org/entity/Q49414934>	"mul:Alte Mühle|cs:Hauptstraße 14a; 35|de:Alte Mühle"
<http://www.wikidata.org/entity/Q49416091>	"de:Schmidtmühle; Türstock des Wohnmühlenhauses, Mühlstein und altes Mahlgebäude mit Mühlentechnik der Schmidtmühle Am Fuchsberg 4"
<http://www.wikidata.org/entity/Q49438295>	"de:Papiermühle St. Peter Niederlungwitz; Papierfabrik Niederlungwitz Niederlungwitz"
<http://www.wikidata.org/entity/Q49439900>	"de:Ketzels Mühle Netzschkau"
<http://www.wikidata.org/entity/Q49441027>	"de:Bahrmühle; Zimmermannmühle (Bahra)"
<http://www.wikidata.org/entity/Q49441234>	"de:Schmilksche Mühle Schmilka"
<http://www.wikidata.org/entity/Q49441603>	"de:Geipelmühle"
<http://www.wikidata.org/entity/Q49441607>	"de:Rothe-Mühle"
<http://www.wikidata.org/entity/Q49441644>	"de:Elbersdorfer Mühle"
<http://www.wikidata.org/entity/Q49441656>	"de:Porschendorfer Mühle"
<http://www.wikidata.org/entity/Q49441939>	"de:Krug-Mühle Cunnersdorf"
<http://www.wikidata.org/entity/Q49442397>	"de:Mittelmühle Ehrenberg"
<http://www.wikidata.org/entity/Q49443923>	"de:Wohnstallhaus"
<http://www.wikidata.org/entity/Q49443972>	"de:Stolpener Stadtmühle"
<http://www.wikidata.org/entity/Q49443990>	"de:Hofe-Mühle"
<http://www.wikidata.org/entity/Q49443998>	"de:Brettmühle Rennersdorf-Neudörfel"
<http://www.wikidata.org/entity/Q49444017>	"de:Neumühle Stolpen"
<http://www.wikidata.org/entity/Q49444504>	"mul:Untermühle Belgern|nl:Untermühle Belgern|de:Untermühle Belgern"
<http://www.wikidata.org/entity/Q49444533>	"mul:Klostermühle (Sitzenroda)|de:Klostermühle (Sitzenroda)"
<http://www.wikidata.org/entity/Q49444816>	"de:Winkelmühle"
<http://www.wikidata.org/entity/Q49445058>	"de:Müllergasse 8"
<http://www.wikidata.org/entity/Q49445073>	"mul:Ehemaliges Mühlengebäude (Liebschützberg)|de:Ehemaliges Mühlengebäude (Liebschützberg)"
<http://www.wikidata.org/entity/Q49445108>	"de:Wassermühle Reibitz Reibitz"
<http://www.wikidata.org/entity/Q49445118>	"de:Wassermühle Audenhain"
<http://www.wikidata.org/entity/Q49445146>	"mul:Water Mill Kretschmar|nl:Watermolen Kretschmar|de:Wassermühle Kretschmar"
<http://www.wikidata.org/entity/Q49445290>	"mul:Leuben water mill|de:Wassermühle Leuben"
<http://www.wikidata.org/entity/Q49445435>	"de:Wassermühle Altscherbitz"
<http://www.wikidata.org/entity/Q49445460>	"de:Wassermühle Badrina Badrina"
<http://www.wikidata.org/entity/Q49445705>	"mul:Watermill Dahlenberg|de:Dorfmühle Dahlenberg"
<http://www.wikidata.org/entity/Q49445722>	"de:Furthmühle Trossin"
<http://www.wikidata.org/entity/Q49447625>	"de:Stadtmühle Hainichen"
<http://www.wikidata.org/entity/Q49447710>	"de:Steyermühle"
<http://www.wikidata.org/entity/Q49447750>	"de:Erbmühle; Falkenberger Mühle Falkenberg"
<http://www.wikidata.org/entity/Q49450299>	"de:Niedermühle Rödern"
<http://www.wikidata.org/entity/Q49450623>	"de:Mühle Zabeltitz; Schloss, Rittergut und Park Zabeltitz (Sachgesamtheit) Zabeltitz"
<http://www.wikidata.org/entity/Q49452619>	"de:Teichmühle Kössern"
<http://www.wikidata.org/entity/Q49458252>	"de:Mittelmühle Lockwitz"
<http://www.wikidata.org/entity/Q49458326>	"nl:Zschoner Mühle Merbitz|de:Zschonermühle"
<http://www.wikidata.org/entity/Q49458483>	"de:Lochmühle Oberwartha"
<http://www.wikidata.org/entity/Q49459214>	"de:Grundmühle Liegau-Augustusbad (Radeberg)"
<http://www.wikidata.org/entity/Q49601791>	"de:Wohnmühlenhaus der Lichtenhainer Mühle Kirnitzschtalstraße 12"
<http://www.wikidata.org/entity/Q50227307>	"nl:Vieux Moulin|fr:Vieux Moulin"
<http://www.wikidata.org/entity/Q50393435>	"lv:Jaunpils ūdensdzirnavas"
<http://www.wikidata.org/entity/Q51281514>	"lv:Īvandes ūdensdzirnavas ar iekārtu"
<http://www.wikidata.org/entity/Q51282262>	"lv:Pilsdzirnavas ar iekārtu"
<http://www.wikidata.org/entity/Q51319470>	"lv:Lobes ūdensdzirnavas"
<http://www.wikidata.org/entity/Q51678177>	"mul:Herisemmolen|nl:Herisemmolen|fr:Herisemmolen"
<http://www.wikidata.org/entity/Q52174402>	"mul:Hluchý mlýn|cs:Hluchý mlýn"
<http://www.wikidata.org/entity/Q52174655>	"mul:Krajíčkův mlýn|cs:Krajíčkův mlýn"
<http://www.wikidata.org/entity/Q52711575>	"lv:Raunas ūdensdzirnavas"
<http://www.wikidata.org/entity/Q53824761>	"nl:Watermolen van Elene"
<http://www.wikidata.org/entity/Q53870397>	"ca:Molí d'aigua de Klein Rönnau|nl:Watermolen in Klein Rönnau|fr:Moulin d'eau à Klein Rönnau|de:Wassermühle in Klein Rönnau"
<http://www.wikidata.org/entity/Q54453795>	"de:Aarmühle"
<http://www.wikidata.org/entity/Q55111650>	"cs:Panský mlýn"
<http://www.wikidata.org/entity/Q55166239>	"lv:Baldas ūdensdzirnavas"
<http://www.wikidata.org/entity/Q5521528>	"nl:Gants Mill"
<http://www.wikidata.org/entity/Q55313220>	"lv:Ūdensdzirnavas ar vilnas pārstrādes iekārtu"
<http://www.wikidata.org/entity/Q55413462>	"ca:Molí d'en Moratones|fr:Molí d'en Moratones|de:Molí d'en Moratones|es:Molí d'en Moratones|eu:Molí d'en Moratones"
<http://www.wikidata.org/entity/Q55425095>	"lv:Jaunās ūdensdzirnavas"
<http://www.wikidata.org/entity/Q56402985>	"ca:Molí d'en Ribé"
<http://www.wikidata.org/entity/Q5645718>	"da:Hammermøllen|sv:Hammermøllen"
<http://www.wikidata.org/entity/Q5657061>	"ca:Acueducto de San Telmo|tr:San Telmo Su Kemeri|fr:Acueducto de San Telmo|de:Acueducto de San Telmo|es:Acueducto de San Telmo|gl:Acueducto de San Telmo"
<http://www.wikidata.org/entity/Q56634604>	"ca:molí del Mig"
<http://www.wikidata.org/entity/Q56635434>	"ca:el Molinet"
<http://www.wikidata.org/entity/Q56641723>	"ca:molí de la Torre"
<http://www.wikidata.org/entity/Q56707234>	"ca:Molí Sòl de la Costa|es:Molino del Sol de la Costa"
<http://www.wikidata.org/entity/Q58150481>	"ca:cal Romaní"
<http://www.wikidata.org/entity/Q58412164>	"ca:bassa del Molí de la Vila"
<http://www.wikidata.org/entity/Q58461599>	"ca:Torremitja|es:Can Torremitja"
<http://www.wikidata.org/entity/Q58461691>	"ca:Molí de Cal Ferreras"
<http://www.wikidata.org/entity/Q58461733>	"ca:Molí de Castellar"
<http://www.wikidata.org/entity/Q58461739>	"ca:Molí del Ribalta de Baix"
<http://www.wikidata.org/entity/Q58461740>	"ca:Molí del Ribalta de Dalt"
<http://www.wikidata.org/entity/Q58467794>	"ca:molí de la Casada"
<http://www.wikidata.org/entity/Q58467892>	"ca:molí d'en Pau"
<http://www.wikidata.org/entity/Q58467949>	"ca:molí del Racó"
<http://www.wikidata.org/entity/Q59799260>	"nl:Nedermolen"
<http://www.wikidata.org/entity/Q60059504>	"nl:Alte Mühle|fr:Alte Mühle|de:Alte Mühle"
<http://www.wikidata.org/entity/Q60060702>	"nl:Andlermühle|de:Andlermühle"
<http://www.wikidata.org/entity/Q60167030>	"ca:Molí Major"
<http://www.wikidata.org/entity/Q60167032>	"ca:Molí de Cal Titllo"
<http://www.wikidata.org/entity/Q60167034>	"ca:Molí Vell"
<http://www.wikidata.org/entity/Q60167036>	"ca:Molí Xic"
<http://www.wikidata.org/entity/Q60167045>	"ca:Molí d'en Peixet"
<http://www.wikidata.org/entity/Q60167065>	"ca:Molí del Saver"
<http://www.wikidata.org/entity/Q6020962>	"ca:Molino de Martos (Córdoba)|fr:Molino de Martos (Córdoba)|de:Molino de Martos (Córdoba)|es:Molino de Martos|gl:Molino de Martos (Córdoba)"
<http://www.wikidata.org/entity/Q60358845>	"pl:gospodarstwo Modrijan|sl:Modrijanova domačija"
<http://www.wikidata.org/entity/Q60405745>	"ca:Molí de Gàvia|es:Molino de Gavia"
<http://www.wikidata.org/entity/Q60499826>	"mul:Walkmühle (Wittstock/Dosse)|de:Walkmühle (Wittstock/Dosse)"
<http://www.wikidata.org/entity/Q60609212>	"nl:Hazeveldmolen"
<http://www.wikidata.org/entity/Q60746601>	"da:Dellinge Vandmølle"
<http://www.wikidata.org/entity/Q60811123>	"cs:Bučický mlýn"
<http://www.wikidata.org/entity/Q60882045>	"ca:Molí dels Alters|es:Molino dels Alters"
<http://www.wikidata.org/entity/Q61138207>	"mk:Костојчинов вир|bg:Костойчинов вир"
<http://www.wikidata.org/entity/Q61417293>	"cs:Sovovy mlýny|de:Sova Mühlen"
<http://www.wikidata.org/entity/Q61666523>	"ca:molí d'Aiguaviva"
<http://www.wikidata.org/entity/Q61666620>	"ca:molinet d'Aiguaviva"
<http://www.wikidata.org/entity/Q61741354>	"ca:molí de la Cadena"
<http://www.wikidata.org/entity/Q61741371>	"ca:molí de la Cadena de Baix"
<http://www.wikidata.org/entity/Q61742230>	"ca:molí de paper de la Font Gran"
<http://www.wikidata.org/entity/Q62569947>	"cs:Leskův mlýn"
<http://www.wikidata.org/entity/Q62571992>	"cs:Wonkův mlýn|de:Wonkův mlýn in Dolní Olešnice"
<http://www.wikidata.org/entity/Q62572158>	"de:Scheibenmühle"
<http://www.wikidata.org/entity/Q62572252>	"de:Buschmühle Rennersdorf"
<http://www.wikidata.org/entity/Q62572756>	"de:Arnoldsmühle"
<http://www.wikidata.org/entity/Q62593373>	"de:Brettmühle Christoph Bihm"
<http://www.wikidata.org/entity/Q62995942>	"de:Grundmann-Mühle"
<http://www.wikidata.org/entity/Q62999066>	"de:Steinmühle"
<http://www.wikidata.org/entity/Q63109451>	"de:Angermühle"
<http://www.wikidata.org/entity/Q63136797>	"de:Niedermühle"
<http://www.wikidata.org/entity/Q63184075>	"de:Georgsmühle"
<http://www.wikidata.org/entity/Q63197303>	"de:Obermühle Putzkau"
<http://www.wikidata.org/entity/Q63283906>	"de:Fischermühle"
<http://www.wikidata.org/entity/Q63436465>	"de:Alte Schlossmühle Modau"
<http://www.wikidata.org/entity/Q63476212>	"de:Große Teichsmühle"
<http://www.wikidata.org/entity/Q64176397>	"ca:molí del Pont Vell"
<http://www.wikidata.org/entity/Q64517767>	"de:Stadtmühle Bischofswerda"
<http://www.wikidata.org/entity/Q64778704>	"de:Walkmühle"
<http://www.wikidata.org/entity/Q64904420>	"de:Walkmühle"
<http://www.wikidata.org/entity/Q64904619>	"de:Mühle in Neudrebnitz"
<http://www.wikidata.org/entity/Q64905516>	"de:Wollspinnerei"
<http://www.wikidata.org/entity/Q64933477>	"ca:Mas del Fariner"
<http://www.wikidata.org/entity/Q65038298>	"ca:Molí de Fonolleres"
<http://www.wikidata.org/entity/Q65205312>	"ca:Antic molí"
<http://www.wikidata.org/entity/Q65205781>	"ca:Molinot de Civit"
<http://www.wikidata.org/entity/Q65205785>	"ca:Molí del Nuix"
<http://www.wikidata.org/entity/Q65205787>	"ca:Molí dels Horts"
<http://www.wikidata.org/entity/Q65206949>	"ca:Molí de Miarons"
<http://www.wikidata.org/entity/Q65208212>	"ca:Molí del Collell"
<http://www.wikidata.org/entity/Q65210592>	"ca:Molí de na Bruna"
<http://www.wikidata.org/entity/Q65210757>	"ca:Molí de les Vinyes"
<http://www.wikidata.org/entity/Q65212501>	"ca:Molí de l'Antic"
<http://www.wikidata.org/entity/Q65553747>	"es:Molino De Bolua|eu:Bolua errota"
<http://www.wikidata.org/entity/Q65556125>	"de:Mühle Prinzhorn"
<http://www.wikidata.org/entity/Q65560288>	"de:Amtsmahlmühle"
<http://www.wikidata.org/entity/Q65659850>	"de:Schmiedefelder Mühle"
<http://www.wikidata.org/entity/Q65718919>	"de:Obermühle"
<http://www.wikidata.org/entity/Q65719131>	"de:Mittelmühle"
<http://www.wikidata.org/entity/Q65720227>	"de:Obermühle Helmsdorf"
<http://www.wikidata.org/entity/Q65720240>	"de:Niedermühle Helmsdorf"
<http://www.wikidata.org/entity/Q65723048>	"de:Hofemühle Dittersbach"
<http://www.wikidata.org/entity/Q65723741>	"de:Porschendorfer Winkelmühle"
<http://www.wikidata.org/entity/Q65724407>	"de:Pappenfabrik in der Lohmener Klamm"
<http://www.wikidata.org/entity/Q65724650>	"de:Obere Hofemühle"
<http://www.wikidata.org/entity/Q65724914>	"de:Schlossmühle Lohmen"
<http://www.wikidata.org/entity/Q65725596>	"de:Hammermühle in Lohmen"
<http://www.wikidata.org/entity/Q65726840>	"de:Brückenmühle"
<http://www.wikidata.org/entity/Q65727019>	"de:Neumühle"
<http://www.wikidata.org/entity/Q65727219>	"de:Pratzschwitzer Mühle"
<http://www.wikidata.org/entity/Q66764716>	"cs:Hášova elektrárna"
<http://www.wikidata.org/entity/Q69516306>	"ca:Molí Vell de Cases Altes|es:Molino Viejo de Casas Altas"
<http://www.wikidata.org/entity/Q70495410>	"mul:Landwehrstraße 16|de:Wassermühle Vörie"
<http://www.wikidata.org/entity/Q72207217>	"ca:Molí de la Foradada"
<http://www.wikidata.org/entity/Q72538638>	"ca:Molí de Can Muntada"
<http://www.wikidata.org/entity/Q73377324>	"ca:Molí de la Roca|fr:Molí de la Roca|eu:Molí de la Roca|pt:Molí de la Roca"
<http://www.wikidata.org/entity/Q73380258>	"ca:Molí del Carner|fr:Molí del Carner|eu:Molí del Carner|pt:Molí del Carner"
<http://www.wikidata.org/entity/Q73394102>	"ca:Molí de la Llavina|fr:Molí de la Llavina|eu:Molí de la Llavina|pt:Molí de la Llavina"
<http://www.wikidata.org/entity/Q73405161>	"ca:Molí de Fiol|fr:Molí de Fiol|eu:Molí de Fiol|pt:Molí de Fiol"
<http://www.wikidata.org/entity/Q73416862>	"ca:Molí de la Coromina|fr:Molí de la Coromina|eu:Molí de la Coromina|pt:Molí de la Coromina"
<http://www.wikidata.org/entity/Q76169117>	"nl:'t Peeske"
<http://www.wikidata.org/entity/Q76326584>	"nl:Molen ten Hove"
<http://www.wikidata.org/entity/Q78647948>	"nl:Broeckemolen"
<http://www.wikidata.org/entity/Q78648341>	"nl:Ter Bekemolen"
<http://www.wikidata.org/entity/Q78908551>	"de:Wassermühle Worin"
<http://www.wikidata.org/entity/Q80163247>	"nl:De Bataaf"
<http://www.wikidata.org/entity/Q80467687>	"ca:Molí de Can Salaverd"
<http://www.wikidata.org/entity/Q828150>	"de:Bertholdmühle Oberoderwitz"
<http://www.wikidata.org/entity/Q83563130>	"ca:Molí d'en Coloma"
<http://www.wikidata.org/entity/Q84082749>	"ca:Molino de Caballero|es:Molino de Caballero"
<http://www.wikidata.org/entity/Q85011918>	"ca:Molí de Dalt|es:Molino de Dalt"
<http://www.wikidata.org/entity/Q85175100>	"ca:Molí de Boixadors de Baix"
<http://www.wikidata.org/entity/Q85175103>	"ca:Molí de Ca l'Ibañez|fr:Molí de Baix|eu:Molí de Baix|pt:Molí de Baix"
<http://www.wikidata.org/entity/Q85191882>	"ca:Molí del Gelabert"
<http://www.wikidata.org/entity/Q85194489>	"ca:Molí de la Fàbrica"
<http://www.wikidata.org/entity/Q85195516>	"ca:Molí del Maset"
<http://www.wikidata.org/entity/Q85195542>	"ca:Molí fariner de Baix de cal Mas"
<http://www.wikidata.org/entity/Q85195590>	"ca:Molí fariner de Dalt de cal Mas"
<http://www.wikidata.org/entity/Q85195597>	"ca:Molí de Carme"
<http://www.wikidata.org/entity/Q85195650>	"ca:Molí del Permanyer"
<http://www.wikidata.org/entity/Q85196847>	"ca:Molí Nou"
<http://www.wikidata.org/entity/Q85196854>	"ca:Molí de Dalt de Clariana"
<http://www.wikidata.org/entity/Q85222763>	"ca:Molí del Pujol"
<http://www.wikidata.org/entity/Q85240959>	"ca:Molí de la Masallera"
<http://www.wikidata.org/entity/Q85245159>	"ca:Molí d'Oms"
<http://www.wikidata.org/entity/Q85245164>	"ca:Molí de la Pujada"
<http://www.wikidata.org/entity/Q85303508>	"ca:Molí del Coll del Ram"
<http://www.wikidata.org/entity/Q85303652>	"ca:Molí de Caraüll"
<http://www.wikidata.org/entity/Q85303654>	"ca:Molí de la Riba"
<http://www.wikidata.org/entity/Q85303656>	"ca:Molí del Miquelet"
<http://www.wikidata.org/entity/Q85303803>	"ca:Molí de la Coma"
<http://www.wikidata.org/entity/Q85307301>	"ca:Molí del Graell"
<http://www.wikidata.org/entity/Q85307303>	"ca:Molí de Cerdanyons"
<http://www.wikidata.org/entity/Q85324703>	"ca:Molí de Torroella"
<http://www.wikidata.org/entity/Q85325073>	"ca:Molí de Galobardes"
<http://www.wikidata.org/entity/Q85325108>	"ca:Molí del Cingle"
<http://www.wikidata.org/entity/Q85325113>	"ca:Molí de Sorribes"
<http://www.wikidata.org/entity/Q85325191>	"ca:el Molinot"
<http://www.wikidata.org/entity/Q85325206>	"ca:Molí de Fumanya"
<http://www.wikidata.org/entity/Q85325330>	"ca:El Molinot"
<http://www.wikidata.org/entity/Q85325435>	"ca:Molí de les Fosses"
<http://www.wikidata.org/entity/Q85325444>	"ca:Molí del Puig"
<http://www.wikidata.org/entity/Q85540462>	"ca:Molí de Can Ciscot"
<http://www.wikidata.org/entity/Q87000197>	"ca:Molino de Esther|es:Molino de Esther"
<http://www.wikidata.org/entity/Q87193329>	"da:Knag Mølle"
<http://www.wikidata.org/entity/Q88807623>	"de:Grorother Mühle"
<http://www.wikidata.org/entity/Q88867916>	"cs:Kuchyňkův mlýn"
<http://www.wikidata.org/entity/Q9034241>	"ca:molí del Pouet|es:Molino del Pocillo"
<http://www.wikidata.org/entity/Q92090194>	"nl:Terhaegenmolen"
<http://www.wikidata.org/entity/Q92103265>	"nl:Smeiersmarkmolen"
<http://www.wikidata.org/entity/Q92166264>	"nl:Esseltmolen"
<http://www.wikidata.org/entity/Q92168983>	"mul:Belingmolen"
<http://www.wikidata.org/entity/Q92169887>	"nl:Molen De Nayer-De Becker"
<http://www.wikidata.org/entity/Q92170237>	"mul:Steenputmolen|nl:Steenputmolen|fr:Steenputmolen|de:Steenputmolen"
<http://www.wikidata.org/entity/Q92172813>	"nl:Fabriek Catala"
<http://www.wikidata.org/entity/Q92175918>	"nl:Watermolen Opalfene|de:Watermolen Opalfene"
<http://www.wikidata.org/entity/Q93128404>	"ca:Molí de Bonany|es:Molino de Bonany"
<http://www.wikidata.org/entity/Q93590008>	"cs:Hořejší ostrovní mlýn"
<http://www.wikidata.org/entity/Q94701106>	"nl:Steenvoordemolen|de:Steenvoordemolen"
<http://www.wikidata.org/entity/Q95387801>	"de:Getreidemühle am Argenbach"
<http://www.wikidata.org/entity/Q96144254>	"ca:Molí de la Cascada d'en Rabassa"
<http://www.wikidata.org/entity/Q96144812>	"ca:Carcabà del Molí de Ribera"
<http://www.wikidata.org/entity/Q96144817>	"ca:Molí d'en Biell"
<http://www.wikidata.org/entity/Q96252867>	"ca:Molí de la Codina|fr:el Molí|de:el Molí|eu:el Molí|pt:el Molí"
<http://www.wikidata.org/entity/Q96253051>	"ca:Molí de Canyelles"
<http://www.wikidata.org/entity/Q96253072>	"ca:Molí del Ral"
<http://www.wikidata.org/entity/Q96253154>	"ca:Molí de la Noguera"
<http://www.wikidata.org/entity/Q96253160>	"ca:Molí del Sallent"
<http://www.wikidata.org/entity/Q96253165>	"ca:Molí de la Riera"
<http://www.wikidata.org/entity/Q96253183>	"ca:Molí de Baix"
<http://www.wikidata.org/entity/Q96253194>	"ca:Molí de les Cases"
<http://www.wikidata.org/entity/Q96253214>	"ca:Molí de Busquets"
<http://www.wikidata.org/entity/Q96253285>	"ca:Molí del Soler"
<http://www.wikidata.org/entity/Q96253291>	"ca:Molí de Marandes"
<http://www.wikidata.org/entity/Q96257635>	"ca:Molí de Perenoguera"
<http://www.wikidata.org/entity/Q96257648>	"ca:Molí de Vila-rasa"
<http://www.wikidata.org/entity/Q96257649>	"ca:Molí de Cornet"
<http://www.wikidata.org/entity/Q96279395>	"ca:Molí de Sorba"
<http://www.wikidata.org/entity/Q96315681>	"ca:Molí de Santa Eulàlia"
<http://www.wikidata.org/entity/Q96483952>	"ca:Molí de Fígols"
<http://www.wikidata.org/entity/Q96586853>	"ca:Molí del Cabana"
<http://www.wikidata.org/entity/Q96586860>	"ca:Molí de Sant Francesc"
<http://www.wikidata.org/entity/Q96586864>	"ca:El Molinet de Cervera"
<http://www.wikidata.org/entity/Q96587954>	"ca:Molí del Fosses|fr:Molí de Fosses|eu:Molí de Fosses|pt:Molí de Fosses"
<http://www.wikidata.org/entity/Q96587956>	"ca:Molí de Sant Pere"
<http://www.wikidata.org/entity/Q96587957>	"ca:Molí de la Móra"
<http://www.wikidata.org/entity/Q96587961>	"ca:Molí del Paredador"
<http://www.wikidata.org/entity/Q96601008>	"ca:Molí del Cava IV"
<http://www.wikidata.org/entity/Q96774821>	"ca:Molí del Solà"
<http://www.wikidata.org/entity/Q96774822>	"ca:Molí de Cabanas"
<http://www.wikidata.org/entity/Q96774824>	"ca:Molí de Dalt de la Quintana"
<http://www.wikidata.org/entity/Q96774825>	"ca:Molí de Baix de la Quintana"
<http://www.wikidata.org/entity/Q96774827>	"ca:Molí del Tornamira"
<http://www.wikidata.org/entity/Q97461300>	"de:Samermühle"
<http://www.wikidata.org/entity/Q97641976>	"ca:Molino del Algarrobo|fr:Molino del Algarrobo|de:Molino del Algarrobo|es:Molino del Algarrobo|gl:Molino del Algarrobo"
<http://www.wikidata.org/entity/Q97666096>	"fr:Leesdorfer Moulin à papier|de:Leesdorfer Papiermühle"
<http://www.wikidata.org/entity/Q98557006>	"de:Oberprünstermühle"
<http://www.wikidata.org/entity/Q98589970>	"de:Stadnermühle"
<http://www.wikidata.org/entity/Q98754276>	"ca:Molí d'Argemí|fr:Molí d'Argemí|de:Molí d'Argemí|eu:Molí d'Argemí|pt:Molí d'Argemí"
<http://www.wikidata.org/entity/Q99014896>	"ca:Molí d'en Rata|fr:Molí d'en Rata|de:Molí d'en Rata|eu:Molí d'en Rata|pt:Molí d'en Rata"
<http://www.wikidata.org/entity/Q99098543>	"ca:el Molinot|fr:el Molinot|de:el Molinot|eu:el Molinot|pt:el Molinot"
<http://www.wikidata.org/entity/Q99098759>	"ca:Molí de Can Miser Prats|fr:Molí de Can Miser Prats|de:Molí de Can Miser Prats|eu:Molí de Can Miser Prats|pt:Molí de Can Miser Prats"
<http://www.wikidata.org/entity/Q99098763>	"ca:Molí de la Pedrera|fr:Molí de la Pedrera|de:Molí de la Pedrera|eu:Molí de la Pedrera|pt:Molí de la Pedrera"
<http://www.wikidata.org/entity/Q99297489>	"nl:Watermolen De Vermolen|fr:Watermolen De Vermolen|de:Watermolen De Vermolen"
<http://www.wikidata.org/entity/Q99300051>	"ca:Molí d'en Comes|fr:Molí d'en Comes|de:Molí d'en Comes|eu:Molí d'en Comes|pt:Molí d'en Comes"
<http://www.wikidata.org/entity/Q99300295>	"ca:el Molí d'en Ral|fr:el Molí d'en Ral|de:el Molí d'en Ral|eu:el Molí d'en Ral|pt:el Molí d'en Ral"
<http://www.wikidata.org/entity/Q996584>	"mul:Brücker Mühle|fr:Brücker Mühle (Amöneburg)|de:Brücker Mühle"
<http://www.wikidata.org/entity/Q99964736>	"cs:Hamerský mlýn"
