?i	?prop	?t	?prec
<http://www.wikidata.org/entity/Q13414750>	"P571"	0801-01-01T00:00:00Z	7
<http://www.wikidata.org/entity/Q33001017>	"P571"	1788-01-01T00:00:00Z	9
<http://www.wikidata.org/entity/Q135966776>	"P571"	1834-01-01T00:00:00Z	9
<http://www.wikidata.org/entity/Q12343842>	"P571"	1834-01-01T00:00:00Z	9
<http://www.wikidata.org/entity/Q22661704>	"P571"	1834-01-01T00:00:00Z	9
<http://www.wikidata.org/entity/Q15132519>	"P571"	1650-01-01T00:00:00Z	7
<http://www.wikidata.org/entity/Q30585274>	"P571"	1800-01-01T00:00:00Z	7
<http://www.wikidata.org/entity/Q33010147>	"P571"	1800-01-01T00:00:00Z	7
<http://www.wikidata.org/entity/Q33000850>	"P571"	1800-01-01T00:00:00Z	7
<http://www.wikidata.org/entity/Q33010071>	"P571"	1800-01-01T00:00:00Z	7
<http://www.wikidata.org/entity/Q33010051>	"P571"	1800-01-01T00:00:00Z	7
<http://www.wikidata.org/entity/Q9372454>	"P571"	1800-01-01T00:00:00Z	7
<http://www.wikidata.org/entity/Q9372454>	"P571"	1800-01-01T00:00:00Z	7
<http://www.wikidata.org/entity/Q33025435>	"P571"	1800-01-01T00:00:00Z	7
<http://www.wikidata.org/entity/Q28443453>	"P571"	1312-01-01T00:00:00Z	9
<http://www.wikidata.org/entity/Q50405367>	"P571"	1860-01-01T00:00:00Z	9
<http://www.wikidata.org/entity/Q33238929>	"P571"	1860-01-01T00:00:00Z	9
<http://www.wikidata.org/entity/Q33327409>	"P571"	1860-01-01T00:00:00Z	9
<http://www.wikidata.org/entity/Q137686239>	"P571"	1681-01-01T00:00:00Z	9
<http://www.wikidata.org/entity/Q22938306>	"P571"	1680-01-01T00:00:00Z	9
<http://www.wikidata.org/entity/Q12735818>	"P571"	1801-01-01T00:00:00Z	7
<http://www.wikidata.org/entity/Q133571351>	"P571"	1801-01-01T00:00:00Z	7
<http://www.wikidata.org/entity/Q22926602>	"P571"	1801-01-01T00:00:00Z	7
<http://www.wikidata.org/entity/Q27087934>	"P571"	1845-01-01T00:00:00Z	9
<http://www.wikidata.org/entity/Q49435967>	"P571"	1845-01-01T00:00:00Z	9
<http://www.wikidata.org/entity/Q130612030>	"P571"	1815-01-01T00:00:00Z	9
<http://www.wikidata.org/entity/Q11721459>	"P571"	1783-01-01T00:00:00Z	9
<http://www.wikidata.org/entity/Q116910798>	"P571"	1810-01-01T00:00:00Z	9
<http://www.wikidata.org/entity/Q105581724>	"P571"	1810-01-01T00:00:00Z	9
<http://www.wikidata.org/entity/Q126714948>	"P571"	1839-01-01T00:00:00Z	7
<http://www.wikidata.org/entity/Q126715191>	"P571"	1839-01-01T00:00:00Z	7
<http://www.wikidata.org/entity/Q126715190>	"P571"	1839-01-01T00:00:00Z	7
<http://www.wikidata.org/entity/Q126714908>	"P571"	1839-01-01T00:00:00Z	7
<http://www.wikidata.org/entity/Q1924423>	"P571"	1747-01-01T00:00:00Z	9
<http://www.wikidata.org/entity/Q134490469>	"P571"	1902-01-01T00:00:00Z	9
<http://www.wikidata.org/entity/Q137908370>	"P571"	1902-01-01T00:00:00Z	9
<http://www.wikidata.org/entity/Q56239666>	"P571"	1902-01-01T00:00:00Z	9
<http://www.wikidata.org/entity/Q30226175>	"P571"	1868-01-01T00:00:00Z	9
<http://www.wikidata.org/entity/Q30226175>	"P571"	1868-01-01T00:00:00Z	9
<http://www.wikidata.org/entity/Q33006071>	"P571"	1868-01-01T00:00:00Z	9
<http://www.wikidata.org/entity/Q33137117>	"P571"	1868-01-01T00:00:00Z	9
<http://www.wikidata.org/entity/Q115160201>	"P571"	1668-01-01T00:00:00Z	9
<http://www.wikidata.org/entity/Q114870439>	"P571"	1668-01-01T00:00:00Z	9
<http://www.wikidata.org/entity/Q2548373>	"P571"	1668-01-01T00:00:00Z	9
<http://www.wikidata.org/entity/Q116025046>	"P571"	1734-01-01T00:00:00Z	9
<http://www.wikidata.org/entity/Q117326580>	"P571"	1876-01-01T00:00:00Z	9
<http://www.wikidata.org/entity/Q2303572>	"P571"	1876-01-01T00:00:00Z	9
<http://www.wikidata.org/entity/Q16323154>	"P571"	1876-01-01T00:00:00Z	9
<http://www.wikidata.org/entity/Q97120095>	"P571"	1876-01-01T00:00:00Z	9
<http://www.wikidata.org/entity/Q33423419>	"P571"	1876-01-01T00:00:00Z	9
<http://www.wikidata.org/entity/Q59202149>	"P571"	1876-01-01T00:00:00Z	9
<http://www.wikidata.org/entity/Q97579396>	"P571"	1876-01-01T00:00:00Z	9
<http://www.wikidata.org/entity/Q3405791>	"P571"	1679-01-01T00:00:00Z	9
<http://www.wikidata.org/entity/Q116812130>	"P571"	1710-01-01T00:00:00Z	9
<http://www.wikidata.org/entity/Q2209942>	"P571"	1710-01-01T00:00:00Z	9
<http://www.wikidata.org/entity/Q78648385>	"P571"	1710-01-01T00:00:00Z	9
<http://www.wikidata.org/entity/Q2299631>	"P571"	1636-01-01T00:00:00Z	9
<http://www.wikidata.org/entity/Q49451964>	"P571"	1835-01-01T00:00:00Z	9
<http://www.wikidata.org/entity/Q124397477>	"P571"	1866-01-01T00:00:00Z	9
<http://www.wikidata.org/entity/Q2386660>	"P571"	1866-01-01T00:00:00Z	9
<http://www.wikidata.org/entity/Q2030591>	"P571"	1866-01-01T00:00:00Z	9
<http://www.wikidata.org/entity/Q2020965>	"P571"	1866-01-01T00:00:00Z	9
<http://www.wikidata.org/entity/Q15955105>	"P571"	1866-01-01T00:00:00Z	9
<http://www.wikidata.org/entity/Q33321882>	"P571"	1866-01-01T00:00:00Z	9
<http://www.wikidata.org/entity/Q57584172>	"P571"	1866-01-01T00:00:00Z	9
<http://www.wikidata.org/entity/Q49424040>	"P571"	1847-01-01T00:00:00Z	9
<http://www.wikidata.org/entity/Q40161059>	"P571"	1847-01-01T00:00:00Z	9
<http://www.wikidata.org/entity/Q115434525>	"P571"	1870-01-01T00:00:00Z	9
<http://www.wikidata.org/entity/Q131395403>	"P571"	1870-01-01T00:00:00Z	9
<http://www.wikidata.org/entity/Q131395403>	"P571"	1870-01-01T00:00:00Z	9
<http://www.wikidata.org/entity/Q13571343>	"P571"	1870-01-01T00:00:00Z	9
<http://www.wikidata.org/entity/Q119198338>	"P571"	1870-01-01T00:00:00Z	9
<http://www.wikidata.org/entity/Q137660676>	"P571"	1870-01-01T00:00:00Z	9
<http://www.wikidata.org/entity/Q13571277>	"P571"	1870-01-01T00:00:00Z	9
<http://www.wikidata.org/entity/Q105581776>	"P571"	1870-01-01T00:00:00Z	9
<http://www.wikidata.org/entity/Q106475030>	"P571"	1870-01-01T00:00:00Z	9
<http://www.wikidata.org/entity/Q137691346>	"P571"	1870-01-01T00:00:00Z	9
<http://www.wikidata.org/entity/Q25248006>	"P571"	1870-01-01T00:00:00Z	9
<http://www.wikidata.org/entity/Q38138516>	"P571"	1870-01-01T00:00:00Z	9
<http://www.wikidata.org/entity/Q88962335>	"P571"	1870-01-01T00:00:00Z	9
<http://www.wikidata.org/entity/Q49408535>	"P571"	1858-01-01T00:00:00Z	9
<http://www.wikidata.org/entity/Q32999756>	"P571"	1880-01-01T00:00:00Z	9
<http://www.wikidata.org/entity/Q30577102>	"P571"	1880-01-01T00:00:00Z	9
<http://www.wikidata.org/entity/Q50405988>	"P571"	1880-01-01T00:00:00Z	9
<http://www.wikidata.org/entity/Q33308074>	"P571"	1880-01-01T00:00:00Z	9
<http://www.wikidata.org/entity/Q130603900>	"P571"	1859-01-01T00:00:00Z	9
<http://www.wikidata.org/entity/Q137671204>	"P571"	1859-01-01T00:00:00Z	9
<http://www.wikidata.org/entity/Q107343887>	"P571"	1859-01-01T00:00:00Z	9
<http://www.wikidata.org/entity/Q132398881>	"P1249"	1859-01-01T00:00:00Z	9
<http://www.wikidata.org/entity/Q12341983>	"P571"	1859-01-01T00:00:00Z	9
<http://www.wikidata.org/entity/Q22667178>	"P571"	1859-01-01T00:00:00Z	9
<http://www.wikidata.org/entity/Q2804656>	"P571"	1859-01-01T00:00:00Z	9
<http://www.wikidata.org/entity/Q16323796>	"P571"	1859-01-01T00:00:00Z	9
<http://www.wikidata.org/entity/Q16323466>	"P571"	1859-01-01T00:00:00Z	9
<http://www.wikidata.org/entity/Q16514209>	"P571"	1859-01-01T00:00:00Z	9
<http://www.wikidata.org/entity/Q16323869>	"P571"	1859-01-01T00:00:00Z	9
<http://www.wikidata.org/entity/Q2069666>	"P571"	1859-01-01T00:00:00Z	9
<http://www.wikidata.org/entity/Q16324444>	"P571"	1859-01-01T00:00:00Z	9
<http://www.wikidata.org/entity/Q55375156>	"P571"	1859-01-01T00:00:00Z	9
<http://www.wikidata.org/entity/Q33001550>	"P571"	1877-01-01T00:00:00Z	9
<http://www.wikidata.org/entity/Q33001550>	"P571"	1877-01-01T00:00:00Z	9
<http://www.wikidata.org/entity/Q49450270>	"P571"	1851-01-01T00:00:00Z	9
<http://www.wikidata.org/entity/Q49451077>	"P571"	1851-01-01T00:00:00Z	9
<http://www.wikidata.org/entity/Q12325098>	"P571"	1820-01-01T00:00:00Z	9
<http://www.wikidata.org/entity/Q22976356>	"P571"	1820-01-01T00:00:00Z	9
<http://www.wikidata.org/entity/Q55380856>	"P571"	1820-01-01T00:00:00Z	9
<http://www.wikidata.org/entity/Q130298972>	"P571"	1900-01-01T00:00:00Z	8
<http://www.wikidata.org/entity/Q33238929>	"P571"	1900-01-01T00:00:00Z	8
<http://www.wikidata.org/entity/Q2677461>	"P571"	1632-01-01T00:00:00Z	9
<http://www.wikidata.org/entity/Q665560>	"P571"	1632-01-01T00:00:00Z	9
<http://www.wikidata.org/entity/Q49445479>	"P571"	1741-01-01T00:00:00Z	9
<http://www.wikidata.org/entity/Q30922085>	"P571"	1889-01-01T00:00:00Z	9
<http://www.wikidata.org/entity/Q11175642>	"P571"	1786-01-01T00:00:00Z	9
<http://www.wikidata.org/entity/Q123148823>	"P571"	1786-01-01T00:00:00Z	9
<http://www.wikidata.org/entity/Q116767041>	"P571"	1786-01-01T00:00:00Z	9
<http://www.wikidata.org/entity/Q2786072>	"P571"	1786-01-01T00:00:00Z	9
<http://www.wikidata.org/entity/Q67316776>	"P571"	1786-01-01T00:00:00Z	9
<http://www.wikidata.org/entity/Q12003427>	"P571"	1836-01-01T00:00:00Z	9
<http://www.wikidata.org/entity/Q49445111>	"P571"	1836-01-01T00:00:00Z	9
<http://www.wikidata.org/entity/Q100708788>	"P571"	1867-01-01T00:00:00Z	9
<http://www.wikidata.org/entity/Q112758580>	"P571"	1867-01-01T00:00:00Z	9
<http://www.wikidata.org/entity/Q112136999>	"P571"	1867-01-01T00:00:00Z	9
<http://www.wikidata.org/entity/Q134721334>	"P571"	1867-01-01T00:00:00Z	9
<http://www.wikidata.org/entity/Q29938647>	"P571"	1867-01-01T00:00:00Z	9
<http://www.wikidata.org/entity/Q97320159>	"P571"	1867-01-01T00:00:00Z	9
<http://www.wikidata.org/entity/Q62834479>	"P571"	1867-01-01T00:00:00Z	9
<http://www.wikidata.org/entity/Q110218347>	"P571"	1798-01-01T00:00:00Z	9
<http://www.wikidata.org/entity/Q25089094>	"P571"	1861-01-01T00:00:00Z	9
<http://www.wikidata.org/entity/Q7199059>	"P571"	1627-01-01T00:00:00Z	9
<http://www.wikidata.org/entity/Q133980814>	"P571"	1830-01-01T00:00:00Z	8
<http://www.wikidata.org/entity/Q22338124>	"P571"	1830-01-01T00:00:00Z	8
<http://www.wikidata.org/entity/Q56258616>	"P571"	1675-01-01T00:00:00Z	7
<http://www.wikidata.org/entity/Q56258617>	"P571"	1675-01-01T00:00:00Z	7
<http://www.wikidata.org/entity/Q33008692>	"P571"	1713-01-01T00:00:00Z	9
<http://www.wikidata.org/entity/Q30570345>	"P571"	1884-01-01T00:00:00Z	9
<http://www.wikidata.org/entity/Q33000943>	"P571"	1819-01-01T00:00:00Z	9
<http://www.wikidata.org/entity/Q33000597>	"P571"	1819-01-01T00:00:00Z	9
<http://www.wikidata.org/entity/Q33092851>	"P571"	1797-01-01T00:00:00Z	9
<http://www.wikidata.org/entity/Q33007168>	"P571"	1797-01-01T00:00:00Z	9
<http://www.wikidata.org/entity/Q2583713>	"P571"	1806-01-01T00:00:00Z	9
<http://www.wikidata.org/entity/Q137691473>	"P571"	1806-01-01T00:00:00Z	9
<http://www.wikidata.org/entity/Q38253663>	"P571"	1806-01-01T00:00:00Z	9
<http://www.wikidata.org/entity/Q133825649>	"P571"	1870-01-01T00:00:00Z	8
<http://www.wikidata.org/entity/Q133825995>	"P571"	1870-01-01T00:00:00Z	8
<http://www.wikidata.org/entity/Q13188920>	"P571"	1893-01-01T00:00:00Z	9
<http://www.wikidata.org/entity/Q113251499>	"P571"	1893-01-01T00:00:00Z	9
<http://www.wikidata.org/entity/Q27478737>	"P571"	1893-01-01T00:00:00Z	9
<http://www.wikidata.org/entity/Q5614595>	"P571"	1893-01-01T00:00:00Z	9
<http://www.wikidata.org/entity/Q60522764>	"P571"	1893-01-01T00:00:00Z	9
<http://www.wikidata.org/entity/Q127513097>	"P571"	1800-01-01T00:00:00Z	9
<http://www.wikidata.org/entity/Q112258441>	"P571"	1800-01-01T00:00:00Z	9
<http://www.wikidata.org/entity/Q120446054>	"P571"	1800-01-01T00:00:00Z	9
<http://www.wikidata.org/entity/Q141458155>	"P571"	1800-01-01T00:00:00Z	9
<http://www.wikidata.org/entity/Q3265966>	"P571"	1800-01-01T00:00:00Z	9
<http://www.wikidata.org/entity/Q12300361>	"P571"	1875-01-01T00:00:00Z	9
<http://www.wikidata.org/entity/Q135755241>	"P571"	1875-01-01T00:00:00Z	9
<http://www.wikidata.org/entity/Q107343896>	"P571"	1875-01-01T00:00:00Z	9
<http://www.wikidata.org/entity/Q16323698>	"P571"	1875-01-01T00:00:00Z	9
<http://www.wikidata.org/entity/Q24637418>	"P571"	1875-01-01T00:00:00Z	9
<http://www.wikidata.org/entity/Q67266117>	"P571"	1875-01-01T00:00:00Z	9
<http://www.wikidata.org/entity/Q65971682>	"P571"	1875-01-01T00:00:00Z	9
<http://www.wikidata.org/entity/Q2595172>	"P571"	1748-01-01T00:00:00Z	9
<http://www.wikidata.org/entity/Q137670700>	"P571"	1894-01-01T00:00:00Z	9
<http://www.wikidata.org/entity/Q113513491>	"P571"	1830-01-01T00:00:00Z	9
<http://www.wikidata.org/entity/Q28732565>	"P571"	1830-01-01T00:00:00Z	9
<http://www.wikidata.org/entity/Q61163809>	"P571"	1830-01-01T00:00:00Z	9
<http://www.wikidata.org/entity/Q106314942>	"P571"	1546-01-01T00:00:00Z	9
<http://www.wikidata.org/entity/Q2196525>	"P571"	1697-01-01T00:00:00Z	9
<http://www.wikidata.org/entity/Q49384719>	"P571"	1849-01-01T00:00:00Z	9
<http://www.wikidata.org/entity/Q133495690>	"P571"	1910-01-01T00:00:00Z	9
<http://www.wikidata.org/entity/Q133497906>	"P571"	1910-01-01T00:00:00Z	9
<http://www.wikidata.org/entity/Q38190414>	"P571"	1910-01-01T00:00:00Z	9
<http://www.wikidata.org/entity/Q126714891>	"P571"	1739-01-01T00:00:00Z	7
<http://www.wikidata.org/entity/Q49403607>	"P571"	1865-01-01T00:00:00Z	9
<http://www.wikidata.org/entity/Q130339180>	"P571"	1694-01-01T00:00:00Z	9
<http://www.wikidata.org/entity/Q49445234>	"P571"	1895-01-01T00:00:00Z	9
<http://www.wikidata.org/entity/Q16505438>	"P571"	1670-01-01T00:00:00Z	8
<http://www.wikidata.org/entity/Q110073810>	"P571"	1506-01-01T00:00:00Z	9
<http://www.wikidata.org/entity/Q30952100>	"P571"	1891-01-01T00:00:00Z	9
<http://www.wikidata.org/entity/Q55181449>	"P571"	1891-01-01T00:00:00Z	9
<http://www.wikidata.org/entity/Q101625436>	"P571"	1856-01-01T00:00:00Z	9
<http://www.wikidata.org/entity/Q135985312>	"P571"	1856-01-01T00:00:00Z	9
<http://www.wikidata.org/entity/Q111130920>	"P571"	1856-01-01T00:00:00Z	9
<http://www.wikidata.org/entity/Q2303187>	"P571"	1856-01-01T00:00:00Z	9
<http://www.wikidata.org/entity/Q28759300>	"P571"	1856-01-01T00:00:00Z	9
<http://www.wikidata.org/entity/Q21035158>	"P571"	1856-01-01T00:00:00Z	9
<http://www.wikidata.org/entity/Q777211>	"P571"	1856-01-01T00:00:00Z	9
<http://www.wikidata.org/entity/Q4922783>	"P571"	1856-01-01T00:00:00Z	9
<http://www.wikidata.org/entity/Q56247064>	"P571"	1856-01-01T00:00:00Z	9
<http://www.wikidata.org/entity/Q1986296>	"P571"	1807-01-01T00:00:00Z	9
<http://www.wikidata.org/entity/Q111827895>	"P571"	1852-01-01T00:00:00Z	9
<http://www.wikidata.org/entity/Q16323242>	"P571"	1852-01-01T00:00:00Z	9
<http://www.wikidata.org/entity/Q60269689>	"P571"	1852-01-01T00:00:00Z	9
<http://www.wikidata.org/entity/Q33091578>	"P571"	1905-01-01T00:00:00Z	9
<http://www.wikidata.org/entity/Q99891868>	"P571"	1813-01-01T00:00:00Z	9
<http://www.wikidata.org/entity/Q49444848>	"P571"	1863-01-01T00:00:00Z	9
<http://www.wikidata.org/entity/Q2215871>	"P571"	1699-01-01T00:00:00Z	9
<http://www.wikidata.org/entity/Q33139453>	"P571"	1802-01-01T00:00:00Z	9
<http://www.wikidata.org/entity/Q115209329>	"P571"	1665-01-01T00:00:00Z	9
<http://www.wikidata.org/entity/Q48801438>	"P571"	1665-01-01T00:00:00Z	9
<http://www.wikidata.org/entity/Q2004923>	"P571"	1742-01-01T00:00:00Z	9
<http://www.wikidata.org/entity/Q12313147>	"P571"	1814-01-01T00:00:00Z	9
<http://www.wikidata.org/entity/Q130351033>	"P571"	1814-01-01T00:00:00Z	9
<http://www.wikidata.org/entity/Q2756543>	"P571"	1814-01-01T00:00:00Z	9
<http://www.wikidata.org/entity/Q137687446>	"P571"	1814-01-01T00:00:00Z	9
<http://www.wikidata.org/entity/Q305495>	"P571"	1814-01-01T00:00:00Z	9
<http://www.wikidata.org/entity/Q3958453>	"P571"	1814-01-01T00:00:00Z	9
<http://www.wikidata.org/entity/Q135985313>	"P571"	1706-01-01T00:00:00Z	9
<http://www.wikidata.org/entity/Q49445412>	"P571"	1820-01-01T00:00:00Z	9
<http://www.wikidata.org/entity/Q120484363>	"P571"	1883-01-01T00:00:00Z	9
<http://www.wikidata.org/entity/Q131542327>	"P571"	1883-01-01T00:00:00Z	9
<http://www.wikidata.org/entity/Q137667715>	"P571"	1883-01-01T00:00:00Z	9
<http://www.wikidata.org/entity/Q107503425>	"P571"	1883-01-01T00:00:00Z	9
<http://www.wikidata.org/entity/Q137691679>	"P571"	1883-01-01T00:00:00Z	9
<http://www.wikidata.org/entity/Q1399763>	"P571"	1883-01-01T00:00:00Z	9
<http://www.wikidata.org/entity/Q58395552>	"P571"	1883-01-01T00:00:00Z	9
<http://www.wikidata.org/entity/Q49604742>	"P571"	1740-01-01T00:00:00Z	9
<http://www.wikidata.org/entity/Q22667572>	"P571"	1869-01-01T00:00:00Z	9
<http://www.wikidata.org/entity/Q65964347>	"P571"	1869-01-01T00:00:00Z	9
<http://www.wikidata.org/entity/Q66987459>	"P571"	1869-01-01T00:00:00Z	9
<http://www.wikidata.org/entity/Q33464551>	"P571"	1830-01-01T00:00:00Z	9
<http://www.wikidata.org/entity/Q116267855>	"P571"	1844-01-01T00:00:00Z	9
<http://www.wikidata.org/entity/Q115982824>	"P571"	1844-01-01T00:00:00Z	9
<http://www.wikidata.org/entity/Q109502361>	"P571"	1844-01-01T00:00:00Z	9
<http://www.wikidata.org/entity/Q124477634>	"P571"	1844-01-01T00:00:00Z	9
<http://www.wikidata.org/entity/Q31842386>	"P571"	1844-01-01T00:00:00Z	9
<http://www.wikidata.org/entity/Q137757340>	"P571"	1844-01-01T00:00:00Z	9
<http://www.wikidata.org/entity/Q7334914>	"P571"	1844-01-01T00:00:00Z	9
<http://www.wikidata.org/entity/Q122330297>	"P571"	1900-01-01T00:00:00Z	9
<http://www.wikidata.org/entity/Q12340148>	"P571"	1900-01-01T00:00:00Z	9
<http://www.wikidata.org/entity/Q2098568>	"P571"	1900-01-01T00:00:00Z	9
<http://www.wikidata.org/entity/Q49565144>	"P571"	1900-01-01T00:00:00Z	9
<http://www.wikidata.org/entity/Q3325601>	"P571"	1900-01-01T00:00:00Z	9
<http://www.wikidata.org/entity/Q30102529>	"P571"	1900-01-01T00:00:00Z	7
<http://www.wikidata.org/entity/Q30097099>	"P571"	1900-01-01T00:00:00Z	7
<http://www.wikidata.org/entity/Q30102529>	"P571"	1900-01-01T00:00:00Z	7
<http://www.wikidata.org/entity/Q30103874>	"P571"	1900-01-01T00:00:00Z	7
<http://www.wikidata.org/entity/Q24948994>	"P571"	1900-01-01T00:00:00Z	7
<http://www.wikidata.org/entity/Q24948994>	"P571"	1900-01-01T00:00:00Z	7
<http://www.wikidata.org/entity/Q30136327>	"P571"	1900-01-01T00:00:00Z	7
<http://www.wikidata.org/entity/Q30092594>	"P571"	1900-01-01T00:00:00Z	7
<http://www.wikidata.org/entity/Q30092593>	"P571"	1900-01-01T00:00:00Z	7
<http://www.wikidata.org/entity/Q30099391>	"P571"	1900-01-01T00:00:00Z	7
<http://www.wikidata.org/entity/Q30078309>	"P571"	1900-01-01T00:00:00Z	7
<http://www.wikidata.org/entity/Q30038682>	"P571"	1900-01-01T00:00:00Z	7
<http://www.wikidata.org/entity/Q30037875>	"P571"	1900-01-01T00:00:00Z	7
<http://www.wikidata.org/entity/Q29976138>	"P571"	1900-01-01T00:00:00Z	7
<http://www.wikidata.org/entity/Q29975508>	"P571"	1900-01-01T00:00:00Z	7
<http://www.wikidata.org/entity/Q30582927>	"P571"	1900-01-01T00:00:00Z	7
<http://www.wikidata.org/entity/Q30648821>	"P571"	1900-01-01T00:00:00Z	7
<http://www.wikidata.org/entity/Q32039416>	"P571"	1900-01-01T00:00:00Z	7
<http://www.wikidata.org/entity/Q30648821>	"P571"	1900-01-01T00:00:00Z	7
<http://www.wikidata.org/entity/Q30648905>	"P571"	1900-01-01T00:00:00Z	7
<http://www.wikidata.org/entity/Q33012634>	"P571"	1900-01-01T00:00:00Z	7
<http://www.wikidata.org/entity/Q33134898>	"P571"	1900-01-01T00:00:00Z	7
<http://www.wikidata.org/entity/Q33137141>	"P571"	1900-01-01T00:00:00Z	7
<http://www.wikidata.org/entity/Q33138542>	"P571"	1900-01-01T00:00:00Z	7
<http://www.wikidata.org/entity/Q33014176>	"P571"	1900-01-01T00:00:00Z	7
<http://www.wikidata.org/entity/Q33507788>	"P571"	1900-01-01T00:00:00Z	7
<http://www.wikidata.org/entity/Q33000774>	"P571"	1900-01-01T00:00:00Z	7
<http://www.wikidata.org/entity/Q33251005>	"P571"	1900-01-01T00:00:00Z	7
<http://www.wikidata.org/entity/Q33001510>	"P571"	1900-01-01T00:00:00Z	7
<http://www.wikidata.org/entity/Q33311593>	"P571"	1900-01-01T00:00:00Z	7
<http://www.wikidata.org/entity/Q33311082>	"P571"	1900-01-01T00:00:00Z	7
<http://www.wikidata.org/entity/Q33311593>	"P571"	1900-01-01T00:00:00Z	7
<http://www.wikidata.org/entity/Q2391477>	"P571"	1914-01-01T00:00:00Z	9
<http://www.wikidata.org/entity/Q49451502>	"P571"	1721-01-01T00:00:00Z	9
<http://www.wikidata.org/entity/Q2678257>	"P571"	1732-01-01T00:00:00Z	9
<http://www.wikidata.org/entity/Q106859242>	"P571"	1842-01-01T00:00:00Z	9
<http://www.wikidata.org/entity/Q11721822>	"P571"	1842-01-01T00:00:00Z	9
<http://www.wikidata.org/entity/Q18088267>	"P571"	1842-01-01T00:00:00Z	9
<http://www.wikidata.org/entity/Q2691647>	"P571"	1842-01-01T00:00:00Z	9
<http://www.wikidata.org/entity/Q17562871>	"P571"	1842-01-01T00:00:00Z	9
<http://www.wikidata.org/entity/Q1591563>	"P571"	1842-01-01T00:00:00Z	9
<http://www.wikidata.org/entity/Q47472500>	"P571"	1842-01-01T00:00:00Z	9
<http://www.wikidata.org/entity/Q65034249>	"P571"	1842-01-01T00:00:00Z	9
<http://www.wikidata.org/entity/Q26822221>	"P571"	1775-01-01T00:00:00Z	9
<http://www.wikidata.org/entity/Q116784411>	"P571"	1761-01-01T00:00:00Z	9
<http://www.wikidata.org/entity/Q30096854>	"P571"	1888-01-01T00:00:00Z	9
<http://www.wikidata.org/entity/Q54263864>	"P571"	1470-01-01T00:00:00Z	7
<http://www.wikidata.org/entity/Q49451758>	"P571"	1870-01-01T00:00:00Z	9
<http://www.wikidata.org/entity/Q11721592>	"P571"	1621-01-01T00:00:00Z	9
<http://www.wikidata.org/entity/Q137670191>	"P571"	1881-01-01T00:00:00Z	9
<http://www.wikidata.org/entity/Q119004110>	"P571"	1881-01-01T00:00:00Z	9
<http://www.wikidata.org/entity/Q22680112>	"P571"	1881-01-01T00:00:00Z	9
<http://www.wikidata.org/entity/Q28925760>	"P571"	1881-01-01T00:00:00Z	9
<http://www.wikidata.org/entity/Q137754024>	"P571"	1881-01-01T00:00:00Z	9
<http://www.wikidata.org/entity/Q78153001>	"P571"	1881-01-01T00:00:00Z	9
<http://www.wikidata.org/entity/Q55442875>	"P571"	1881-01-01T00:00:00Z	9
<http://www.wikidata.org/entity/Q49452004>	"P571"	1859-01-01T00:00:00Z	9
<http://www.wikidata.org/entity/Q115209329>	"P571"	1850-01-01T00:00:00Z	9
<http://www.wikidata.org/entity/Q111827835>	"P571"	1850-01-01T00:00:00Z	9
<http://www.wikidata.org/entity/Q10728556>	"P571"	1850-01-01T00:00:00Z	9
<http://www.wikidata.org/entity/Q125398878>	"P571"	1850-01-01T00:00:00Z	9
<http://www.wikidata.org/entity/Q133317915>	"P571"	1850-01-01T00:00:00Z	9
<http://www.wikidata.org/entity/Q2667538>	"P571"	1850-01-01T00:00:00Z	9
<http://www.wikidata.org/entity/Q1624958>	"P571"	1850-01-01T00:00:00Z	9
<http://www.wikidata.org/entity/Q60469277>	"P571"	1850-01-01T00:00:00Z	9
<http://www.wikidata.org/entity/Q49444529>	"P571"	1850-01-01T00:00:00Z	9
<http://www.wikidata.org/entity/Q98438991>	"P571"	1850-01-01T00:00:00Z	9
<http://www.wikidata.org/entity/Q49444782>	"P571"	1753-01-01T00:00:00Z	9
<http://www.wikidata.org/entity/Q56293858>	"P571"	1337-01-01T00:00:00Z	9
<http://www.wikidata.org/entity/Q33008882>	"P571"	1733-01-01T00:00:00Z	9
<http://www.wikidata.org/entity/Q49371449>	"P571"	1869-01-01T00:00:00Z	9
<http://www.wikidata.org/entity/Q865692>	"P571"	1869-01-01T00:00:00Z	9
<http://www.wikidata.org/entity/Q49444648>	"P571"	1869-01-01T00:00:00Z	9
<http://www.wikidata.org/entity/Q10549437>	"P571"	1841-01-01T00:00:00Z	9
<http://www.wikidata.org/entity/Q137675064>	"P571"	1886-01-01T00:00:00Z	9
<http://www.wikidata.org/entity/Q12314517>	"P571"	1886-01-01T00:00:00Z	9
<http://www.wikidata.org/entity/Q2090140>	"P571"	1886-01-01T00:00:00Z	9
<http://www.wikidata.org/entity/Q110554783>	"P571"	1861-01-01T00:00:00Z	9
<http://www.wikidata.org/entity/Q137685965>	"P571"	1861-01-01T00:00:00Z	9
<http://www.wikidata.org/entity/Q118459388>	"P571"	1861-01-01T00:00:00Z	9
<http://www.wikidata.org/entity/Q12343790>	"P571"	1861-01-01T00:00:00Z	9
<http://www.wikidata.org/entity/Q115573022>	"P571"	1861-01-01T00:00:00Z	9
<http://www.wikidata.org/entity/Q15792840>	"P571"	1861-01-01T00:00:00Z	9
<http://www.wikidata.org/entity/Q2050828>	"P571"	1861-01-01T00:00:00Z	9
<http://www.wikidata.org/entity/Q92105417>	"P571"	1861-01-01T00:00:00Z	9
<http://www.wikidata.org/entity/Q60061429>	"P571"	1861-01-01T00:00:00Z	9
<http://www.wikidata.org/entity/Q6445881>	"P571"	1861-01-01T00:00:00Z	9
<http://www.wikidata.org/entity/Q7159139>	"P571"	1861-01-01T00:00:00Z	9
<http://www.wikidata.org/entity/Q49259502>	"P571"	1874-01-01T00:00:00Z	9
<http://www.wikidata.org/entity/Q49444467>	"P571"	1874-01-01T00:00:00Z	9
<http://www.wikidata.org/entity/Q1879701>	"P571"	1545-01-01T00:00:00Z	9
<http://www.wikidata.org/entity/Q110472136>	"P571"	1878-01-01T00:00:00Z	9
<http://www.wikidata.org/entity/Q124478048>	"P571"	1878-01-01T00:00:00Z	9
<http://www.wikidata.org/entity/Q2078667>	"P571"	1878-01-01T00:00:00Z	9
<http://www.wikidata.org/entity/Q1822494>	"P571"	1878-01-01T00:00:00Z	9
<http://www.wikidata.org/entity/Q22338712>	"P571"	1878-01-01T00:00:00Z	9
<http://www.wikidata.org/entity/Q18708775>	"P571"	1878-01-01T00:00:00Z	9
<http://www.wikidata.org/entity/Q96657842>	"P571"	1878-01-01T00:00:00Z	9
<http://www.wikidata.org/entity/Q78648233>	"P571"	1878-01-01T00:00:00Z	9
<http://www.wikidata.org/entity/Q49444933>	"P571"	1880-01-01T00:00:00Z	9
<http://www.wikidata.org/entity/Q49450827>	"P571"	1880-01-01T00:00:00Z	9
<http://www.wikidata.org/entity/Q49448097>	"P571"	1880-01-01T00:00:00Z	9
<http://www.wikidata.org/entity/Q49450670>	"P571"	1889-01-01T00:00:00Z	9
<http://www.wikidata.org/entity/Q49403656>	"P571"	1848-01-01T00:00:00Z	9
<http://www.wikidata.org/entity/Q49453044>	"P571"	1848-01-01T00:00:00Z	9
<http://www.wikidata.org/entity/Q106314941>	"P571"	1851-01-01T00:00:00Z	9
<http://www.wikidata.org/entity/Q115680626>	"P571"	1851-01-01T00:00:00Z	9
<http://www.wikidata.org/entity/Q2690891>	"P571"	1851-01-01T00:00:00Z	9
<http://www.wikidata.org/entity/Q2239177>	"P571"	1851-01-01T00:00:00Z	9
<http://www.wikidata.org/entity/Q139798475>	"P571"	1851-01-01T00:00:00Z	9
<http://www.wikidata.org/entity/Q49452677>	"P571"	1851-01-01T00:00:00Z	9
<http://www.wikidata.org/entity/Q137671189>	"P571"	1753-01-01T00:00:00Z	9
<http://www.wikidata.org/entity/Q2683471>	"P571"	1753-01-01T00:00:00Z	9
<http://www.wikidata.org/entity/Q7695245>	"P571"	1800-01-01T00:00:00Z	8
<http://www.wikidata.org/entity/Q49430017>	"P571"	1841-01-01T00:00:00Z	9
<http://www.wikidata.org/entity/Q49444639>	"P571"	1864-01-01T00:00:00Z	9
<http://www.wikidata.org/entity/Q123476238>	"P571"	1802-01-01T00:00:00Z	9
<http://www.wikidata.org/entity/Q123125236>	"P571"	1802-01-01T00:00:00Z	9
<http://www.wikidata.org/entity/Q1319020>	"P571"	1802-01-01T00:00:00Z	9
<http://www.wikidata.org/entity/Q18088606>	"P571"	1802-01-01T00:00:00Z	9
<http://www.wikidata.org/entity/Q2174282>	"P571"	1802-01-01T00:00:00Z	9
<http://www.wikidata.org/entity/Q20599317>	"P571"	1802-01-01T00:00:00Z	9
<http://www.wikidata.org/entity/Q49419207>	"P571"	1787-01-01T00:00:00Z	9
<http://www.wikidata.org/entity/Q824519>	"P571"	1787-01-01T00:00:00Z	9
<http://www.wikidata.org/entity/Q126714582>	"P571"	1879-01-01T00:00:00Z	7
<http://www.wikidata.org/entity/Q126698254>	"P571"	1879-01-01T00:00:00Z	7
<http://www.wikidata.org/entity/Q49444991>	"P571"	1713-01-01T00:00:00Z	9
<http://www.wikidata.org/entity/Q33084052>	"P571"	1790-01-01T00:00:00Z	9
<http://www.wikidata.org/entity/Q13746095>	"P571"	1884-01-01T00:00:00Z	9
<http://www.wikidata.org/entity/Q112304289>	"P571"	1884-01-01T00:00:00Z	9
<http://www.wikidata.org/entity/Q2794892>	"P571"	1884-01-01T00:00:00Z	9
<http://www.wikidata.org/entity/Q137691492>	"P571"	1884-01-01T00:00:00Z	9
<http://www.wikidata.org/entity/Q16324333>	"P571"	1884-01-01T00:00:00Z	9
<http://www.wikidata.org/entity/Q33323964>	"P571"	1884-01-01T00:00:00Z	9
<http://www.wikidata.org/entity/Q69475482>	"P571"	1884-01-01T00:00:00Z	9
<http://www.wikidata.org/entity/Q59639657>	"P571"	1750-01-01T00:00:00Z	9
<http://www.wikidata.org/entity/Q15880001>	"P571"	1631-01-01T00:00:00Z	9
<http://www.wikidata.org/entity/Q2746079>	"P571"	1631-01-01T00:00:00Z	9
<http://www.wikidata.org/entity/Q49445877>	"P571"	1885-01-01T00:00:00Z	9
<http://www.wikidata.org/entity/Q30136175>	"P571"	1757-01-01T00:00:00Z	9
<http://www.wikidata.org/entity/Q111792517>	"P571"	1777-01-01T00:00:00Z	9
<http://www.wikidata.org/entity/Q58395020>	"P571"	1777-01-01T00:00:00Z	9
<http://www.wikidata.org/entity/Q33390942>	"P571"	1838-01-01T00:00:00Z	9
<http://www.wikidata.org/entity/Q10551702>	"P571"	1600-01-01T00:00:00Z	7
<http://www.wikidata.org/entity/Q131466902>	"P571"	1600-01-01T00:00:00Z	7
<http://www.wikidata.org/entity/Q107345994>	"P571"	1600-01-01T00:00:00Z	7
<http://www.wikidata.org/entity/Q132714712>	"P571"	1600-01-01T00:00:00Z	7
<http://www.wikidata.org/entity/Q118215377>	"P571"	1600-01-01T00:00:00Z	7
<http://www.wikidata.org/entity/Q107035956>	"P571"	1600-01-01T00:00:00Z	7
<http://www.wikidata.org/entity/Q17482183>	"P571"	1600-01-01T00:00:00Z	7
<http://www.wikidata.org/entity/Q86928375>	"P571"	1600-01-01T00:00:00Z	7
<http://www.wikidata.org/entity/Q118287631>	"P571"	1847-01-01T00:00:00Z	9
<http://www.wikidata.org/entity/Q22661531>	"P571"	1847-01-01T00:00:00Z	9
<http://www.wikidata.org/entity/Q2410666>	"P571"	1847-01-01T00:00:00Z	9
<http://www.wikidata.org/entity/Q2681674>	"P571"	1847-01-01T00:00:00Z	9
<http://www.wikidata.org/entity/Q137686207>	"P571"	1847-01-01T00:00:00Z	9
<http://www.wikidata.org/entity/Q138110527>	"P571"	1847-01-01T00:00:00Z	9
<http://www.wikidata.org/entity/Q15955184>	"P571"	1847-01-01T00:00:00Z	9
<http://www.wikidata.org/entity/Q1548731>	"P571"	1847-01-01T00:00:00Z	9
<http://www.wikidata.org/entity/Q92102733>	"P571"	1847-01-01T00:00:00Z	9
<http://www.wikidata.org/entity/Q2064463>	"P571"	1450-01-01T00:00:00Z	9
<http://www.wikidata.org/entity/Q49444485>	"P571"	1836-01-01T00:00:00Z	9
<http://www.wikidata.org/entity/Q112109797>	"P571"	1864-01-01T00:00:00Z	9
<http://www.wikidata.org/entity/Q2737685>	"P571"	1864-01-01T00:00:00Z	9
<http://www.wikidata.org/entity/Q1853569>	"P571"	1864-01-01T00:00:00Z	9
<http://www.wikidata.org/entity/Q92104372>	"P571"	1864-01-01T00:00:00Z	9
<http://www.wikidata.org/entity/Q30154215>	"P571"	1733-01-01T00:00:00Z	9
<http://www.wikidata.org/entity/Q140454605>	"P571"	1720-01-01T00:00:00Z	8
<http://www.wikidata.org/entity/Q127386180>	"P571"	1700-01-01T00:00:00Z	7
<http://www.wikidata.org/entity/Q111432605>	"P571"	1700-01-01T00:00:00Z	7
<http://www.wikidata.org/entity/Q107123240>	"P571"	1700-01-01T00:00:00Z	7
<http://www.wikidata.org/entity/Q107123179>	"P571"	1700-01-01T00:00:00Z	7
<http://www.wikidata.org/entity/Q134504189>	"P571"	1700-01-01T00:00:00Z	7
<http://www.wikidata.org/entity/Q133252390>	"P571"	1700-01-01T00:00:00Z	7
<http://www.wikidata.org/entity/Q141174349>	"P571"	1700-01-01T00:00:00Z	7
<http://www.wikidata.org/entity/Q25374493>	"P571"	1700-01-01T00:00:00Z	7
<http://www.wikidata.org/entity/Q27349646>	"P571"	1700-01-01T00:00:00Z	7
<http://www.wikidata.org/entity/Q28442965>	"P571"	1700-01-01T00:00:00Z	7
<http://www.wikidata.org/entity/Q50124433>	"P571"	1700-01-01T00:00:00Z	7
<http://www.wikidata.org/entity/Q3325669>	"P571"	1700-01-01T00:00:00Z	7
<http://www.wikidata.org/entity/Q58928302>	"P571"	1700-01-01T00:00:00Z	7
<http://www.wikidata.org/entity/Q12003461>	"P571"	1853-01-01T00:00:00Z	9
<http://www.wikidata.org/entity/Q12329653>	"P571"	1853-01-01T00:00:00Z	9
<http://www.wikidata.org/entity/Q123284043>	"P571"	1853-01-01T00:00:00Z	9
<http://www.wikidata.org/entity/Q27644998>	"P571"	1853-01-01T00:00:00Z	9
<http://www.wikidata.org/entity/Q55413335>	"P571"	1853-01-01T00:00:00Z	9
<http://www.wikidata.org/entity/Q110571163>	"P571"	1535-01-01T00:00:00Z	9
<http://www.wikidata.org/entity/Q2694998>	"P571"	1776-01-01T00:00:00Z	8
<http://www.wikidata.org/entity/Q1982056>	"P571"	1903-01-01T00:00:00Z	9
<http://www.wikidata.org/entity/Q3916184>	"P571"	1770-01-01T00:00:00Z	9
<http://www.wikidata.org/entity/Q22665722>	"P571"	1832-01-01T00:00:00Z	9
<http://www.wikidata.org/entity/Q6727164>	"P571"	1832-01-01T00:00:00Z	9
<http://www.wikidata.org/entity/Q137665672>	"P571"	1839-01-01T00:00:00Z	9
<http://www.wikidata.org/entity/Q2924794>	"P571"	1839-01-01T00:00:00Z	9
<http://www.wikidata.org/entity/Q112178178>	"P571"	1819-01-01T00:00:00Z	9
<http://www.wikidata.org/entity/Q137670436>	"P571"	1819-01-01T00:00:00Z	9
<http://www.wikidata.org/entity/Q106154041>	"P571"	1819-01-01T00:00:00Z	9
<http://www.wikidata.org/entity/Q137661599>	"P571"	1819-01-01T00:00:00Z	9
<http://www.wikidata.org/entity/Q22406072>	"P571"	1819-01-01T00:00:00Z	9
<http://www.wikidata.org/entity/Q49445856>	"P571"	1749-01-01T00:00:00Z	9
<http://www.wikidata.org/entity/Q10674718>	"P571"	1600-01-01T00:00:00Z	8
<http://www.wikidata.org/entity/Q110571163>	"P571"	1981-01-01T00:00:00Z	9
<http://www.wikidata.org/entity/Q31432849>	"P571"	1722-01-01T00:00:00Z	9
<http://www.wikidata.org/entity/Q29375662>	"P571"	1899-01-01T00:00:00Z	9
<http://www.wikidata.org/entity/Q32999515>	"P571"	1858-01-01T00:00:00Z	9
<http://www.wikidata.org/entity/Q56234835>	"P571"	1481-01-01T00:00:00Z	9
<http://www.wikidata.org/entity/Q22955763>	"P571"	1803-01-01T00:00:00Z	9
<http://www.wikidata.org/entity/Q117837183>	"P571"	1822-01-01T00:00:00Z	9
<http://www.wikidata.org/entity/Q137670556>	"P571"	1822-01-01T00:00:00Z	9
<http://www.wikidata.org/entity/Q2481840>	"P571"	1822-01-01T00:00:00Z	9
<http://www.wikidata.org/entity/Q141137354>	"P571"	1822-01-01T00:00:00Z	9
<http://www.wikidata.org/entity/Q2009750>	"P571"	1822-01-01T00:00:00Z	9
<http://www.wikidata.org/entity/Q37790813>	"P571"	1822-01-01T00:00:00Z	9
<http://www.wikidata.org/entity/Q38231649>	"P571"	1822-01-01T00:00:00Z	9
<http://www.wikidata.org/entity/Q113365141>	"P571"	1858-01-01T00:00:00Z	9
<http://www.wikidata.org/entity/Q16323453>	"P571"	1858-01-01T00:00:00Z	9
<http://www.wikidata.org/entity/Q22679670>	"P571"	1858-01-01T00:00:00Z	9
<http://www.wikidata.org/entity/Q2676363>	"P571"	1858-01-01T00:00:00Z	9
<http://www.wikidata.org/entity/Q22341271>	"P571"	1858-01-01T00:00:00Z	9
<http://www.wikidata.org/entity/Q2329092>	"P571"	1858-01-01T00:00:00Z	9
<http://www.wikidata.org/entity/Q2368649>	"P571"	1858-01-01T00:00:00Z	9
<http://www.wikidata.org/entity/Q15130511>	"P571"	1858-01-01T00:00:00Z	9
<http://www.wikidata.org/entity/Q59926331>	"P571"	1858-01-01T00:00:00Z	9
<http://www.wikidata.org/entity/Q92102707>	"P571"	1858-01-01T00:00:00Z	9
<http://www.wikidata.org/entity/Q49447609>	"P571"	1871-01-01T00:00:00Z	9
<http://www.wikidata.org/entity/Q137604926>	"P571"	1862-01-01T00:00:00Z	9
<http://www.wikidata.org/entity/Q12344304>	"P571"	1862-01-01T00:00:00Z	9
<http://www.wikidata.org/entity/Q106599647>	"P571"	1862-01-01T00:00:00Z	9
<http://www.wikidata.org/entity/Q105807131>	"P571"	1862-01-01T00:00:00Z	9
<http://www.wikidata.org/entity/Q1642613>	"P571"	1862-01-01T00:00:00Z	9
<http://www.wikidata.org/entity/Q27678186>	"P571"	1862-01-01T00:00:00Z	9
<http://www.wikidata.org/entity/Q2189536>	"P571"	1862-01-01T00:00:00Z	9
<http://www.wikidata.org/entity/Q2332115>	"P571"	1862-01-01T00:00:00Z	9
<http://www.wikidata.org/entity/Q92099754>	"P571"	1862-01-01T00:00:00Z	9
<http://www.wikidata.org/entity/Q37455043>	"P571"	1862-01-01T00:00:00Z	9
<http://www.wikidata.org/entity/Q11718947>	"P571"	1895-01-01T00:00:00Z	9
<http://www.wikidata.org/entity/Q12343537>	"P571"	1895-01-01T00:00:00Z	9
<http://www.wikidata.org/entity/Q21079830>	"P571"	1895-01-01T00:00:00Z	9
<http://www.wikidata.org/entity/Q126714590>	"P571"	1799-01-01T00:00:00Z	7
<http://www.wikidata.org/entity/Q126714670>	"P571"	1799-01-01T00:00:00Z	7
<http://www.wikidata.org/entity/Q126716732>	"P571"	1799-01-01T00:00:00Z	7
<http://www.wikidata.org/entity/Q126714798>	"P571"	1799-01-01T00:00:00Z	7
<http://www.wikidata.org/entity/Q126715166>	"P571"	1799-01-01T00:00:00Z	7
<http://www.wikidata.org/entity/Q126711388>	"P571"	1799-01-01T00:00:00Z	7
<http://www.wikidata.org/entity/Q30648932>	"P571"	1718-01-01T00:00:00Z	9
<http://www.wikidata.org/entity/Q30648932>	"P571"	1718-01-01T00:00:00Z	9
<http://www.wikidata.org/entity/Q15107826>	"P571"	1792-01-01T00:00:00Z	9
<http://www.wikidata.org/entity/Q820056>	"P571"	1792-01-01T00:00:00Z	9
<http://www.wikidata.org/entity/Q66986303>	"P571"	1792-01-01T00:00:00Z	9
<http://www.wikidata.org/entity/Q53817030>	"P571"	1792-01-01T00:00:00Z	9
<http://www.wikidata.org/entity/Q19853491>	"P571"	1623-01-01T00:00:00Z	9
<http://www.wikidata.org/entity/Q92925154>	"P571"	1785-01-01T00:00:00Z	9
<http://www.wikidata.org/entity/Q55435232>	"P571"	1801-01-01T00:00:00Z	7
<http://www.wikidata.org/entity/Q55362218>	"P571"	1801-01-01T00:00:00Z	7
<http://www.wikidata.org/entity/Q51879283>	"P571"	1801-01-01T00:00:00Z	7
<http://www.wikidata.org/entity/Q50413236>	"P571"	1801-01-01T00:00:00Z	7
<http://www.wikidata.org/entity/Q46138589>	"P571"	1801-01-01T00:00:00Z	7
<http://www.wikidata.org/entity/Q45986956>	"P571"	1801-01-01T00:00:00Z	7
<http://www.wikidata.org/entity/Q110571163>	"P571"	1683-01-01T00:00:00Z	9
<http://www.wikidata.org/entity/Q126715138>	"P571"	1859-01-01T00:00:00Z	7
<http://www.wikidata.org/entity/Q12317838>	"P571"	1891-01-01T00:00:00Z	9
<http://www.wikidata.org/entity/Q12321750>	"P571"	1891-01-01T00:00:00Z	9
<http://www.wikidata.org/entity/Q123397215>	"P571"	1891-01-01T00:00:00Z	9
<http://www.wikidata.org/entity/Q108894401>	"P571"	1891-01-01T00:00:00Z	9
<http://www.wikidata.org/entity/Q107300908>	"P571"	1891-01-01T00:00:00Z	9
<http://www.wikidata.org/entity/Q1825147>	"P571"	1891-01-01T00:00:00Z	9
<http://www.wikidata.org/entity/Q2300517>	"P571"	1891-01-01T00:00:00Z	9
<http://www.wikidata.org/entity/Q16324463>	"P571"	1891-01-01T00:00:00Z	9
<http://www.wikidata.org/entity/Q16295459>	"P571"	1808-01-01T00:00:00Z	9
<http://www.wikidata.org/entity/Q137670372>	"P571"	1906-01-01T00:00:00Z	9
<http://www.wikidata.org/entity/Q1867899>	"P571"	1906-01-01T00:00:00Z	9
<http://www.wikidata.org/entity/Q2327448>	"P571"	1690-01-01T00:00:00Z	9
<http://www.wikidata.org/entity/Q2783474>	"P571"	1690-01-01T00:00:00Z	9
<http://www.wikidata.org/entity/Q136303858>	"P571"	1873-01-01T00:00:00Z	9
<http://www.wikidata.org/entity/Q111792527>	"P571"	1873-01-01T00:00:00Z	9
<http://www.wikidata.org/entity/Q112913178>	"P571"	1873-01-01T00:00:00Z	9
<http://www.wikidata.org/entity/Q137687437>	"P571"	1873-01-01T00:00:00Z	9
<http://www.wikidata.org/entity/Q16323241>	"P571"	1873-01-01T00:00:00Z	9
<http://www.wikidata.org/entity/Q24248789>	"P571"	1873-01-01T00:00:00Z	9
<http://www.wikidata.org/entity/Q37163029>	"P571"	1873-01-01T00:00:00Z	9
<http://www.wikidata.org/entity/Q56643560>	"P571"	1873-01-01T00:00:00Z	9
<http://www.wikidata.org/entity/Q74069411>	"P571"	1873-01-01T00:00:00Z	9
<http://www.wikidata.org/entity/Q3507440>	"P571"	1873-01-01T00:00:00Z	9
<http://www.wikidata.org/entity/Q16614713>	"P571"	1910-01-01T00:00:00Z	9
<http://www.wikidata.org/entity/Q33406364>	"P571"	1910-01-01T00:00:00Z	9
<http://www.wikidata.org/entity/Q137691764>	"P571"	1843-01-01T00:00:00Z	9
<http://www.wikidata.org/entity/Q29535166>	"P571"	1843-01-01T00:00:00Z	9
<http://www.wikidata.org/entity/Q22925131>	"P571"	1843-01-01T00:00:00Z	9
<http://www.wikidata.org/entity/Q24698836>	"P571"	1843-01-01T00:00:00Z	9
<http://www.wikidata.org/entity/Q49445841>	"P571"	1890-01-01T00:00:00Z	9
<http://www.wikidata.org/entity/Q66561839>	"P571"	1810-01-01T00:00:00Z	8
<http://www.wikidata.org/entity/Q66561839>	"P571"	1810-01-01T00:00:00Z	8
<http://www.wikidata.org/entity/Q111033063>	"P571"	1500-01-01T00:00:00Z	7
<http://www.wikidata.org/entity/Q18088709>	"P571"	1500-01-01T00:00:00Z	7
<http://www.wikidata.org/entity/Q92104377>	"P571"	1500-01-01T00:00:00Z	7
<http://www.wikidata.org/entity/Q7975518>	"P571"	1500-01-01T00:00:00Z	7
<http://www.wikidata.org/entity/Q106949307>	"P571"	1901-01-01T00:00:00Z	9
<http://www.wikidata.org/entity/Q2146440>	"P571"	1901-01-01T00:00:00Z	9
<http://www.wikidata.org/entity/Q126714668>	"P571"	1699-01-01T00:00:00Z	7
<http://www.wikidata.org/entity/Q107035955>	"P571"	1800-01-01T00:00:00Z	7
<http://www.wikidata.org/entity/Q137569237>	"P571"	1800-01-01T00:00:00Z	7
<http://www.wikidata.org/entity/Q127420811>	"P571"	1800-01-01T00:00:00Z	7
<http://www.wikidata.org/entity/Q113258901>	"P571"	1800-01-01T00:00:00Z	7
<http://www.wikidata.org/entity/Q132413522>	"P571"	1800-01-01T00:00:00Z	7
<http://www.wikidata.org/entity/Q133980085>	"P571"	1800-01-01T00:00:00Z	7
<http://www.wikidata.org/entity/Q132669777>	"P571"	1800-01-01T00:00:00Z	7
<http://www.wikidata.org/entity/Q133259453>	"P571"	1800-01-01T00:00:00Z	7
<http://www.wikidata.org/entity/Q133272895>	"P571"	1800-01-01T00:00:00Z	7
<http://www.wikidata.org/entity/Q133279093>	"P571"	1800-01-01T00:00:00Z	7
<http://www.wikidata.org/entity/Q115722307>	"P571"	1800-01-01T00:00:00Z	7
<http://www.wikidata.org/entity/Q130367192>	"P571"	1800-01-01T00:00:00Z	7
<http://www.wikidata.org/entity/Q16863938>	"P571"	1800-01-01T00:00:00Z	7
<http://www.wikidata.org/entity/Q18004865>	"P571"	1800-01-01T00:00:00Z	7
<http://www.wikidata.org/entity/Q27450799>	"P571"	1800-01-01T00:00:00Z	7
<http://www.wikidata.org/entity/Q33165481>	"P571"	1800-01-01T00:00:00Z	7
<http://www.wikidata.org/entity/Q64728106>	"P571"	1800-01-01T00:00:00Z	7
<http://www.wikidata.org/entity/Q64728107>	"P571"	1800-01-01T00:00:00Z	7
<http://www.wikidata.org/entity/Q49444521>	"P571"	1800-01-01T00:00:00Z	7
<http://www.wikidata.org/entity/Q65660723>	"P571"	1800-01-01T00:00:00Z	7
<http://www.wikidata.org/entity/Q77582285>	"P571"	1800-01-01T00:00:00Z	7
<http://www.wikidata.org/entity/Q49450674>	"P571"	1804-01-01T00:00:00Z	9
<http://www.wikidata.org/entity/Q49452685>	"P571"	1804-01-01T00:00:00Z	9
<http://www.wikidata.org/entity/Q49450418>	"P571"	1701-01-01T00:00:00Z	9
<http://www.wikidata.org/entity/Q117378128>	"P571"	1701-01-01T00:00:00Z	9
<http://www.wikidata.org/entity/Q133875302>	"P1249"	1887-01-01T00:00:00Z	9
<http://www.wikidata.org/entity/Q12303972>	"P571"	1887-01-01T00:00:00Z	9
<http://www.wikidata.org/entity/Q28090812>	"P571"	1887-01-01T00:00:00Z	9
<http://www.wikidata.org/entity/Q1824849>	"P571"	1887-01-01T00:00:00Z	9
<http://www.wikidata.org/entity/Q2620504>	"P571"	1887-01-01T00:00:00Z	9
<http://www.wikidata.org/entity/Q137603443>	"P571"	1871-01-01T00:00:00Z	9
<http://www.wikidata.org/entity/Q13571444>	"P571"	1871-01-01T00:00:00Z	9
<http://www.wikidata.org/entity/Q137670521>	"P571"	1871-01-01T00:00:00Z	9
<http://www.wikidata.org/entity/Q56037532>	"P571"	1871-01-01T00:00:00Z	9
<http://www.wikidata.org/entity/Q59384086>	"P571"	1871-01-01T00:00:00Z	9
<http://www.wikidata.org/entity/Q97055921>	"P571"	1871-01-01T00:00:00Z	9
<http://www.wikidata.org/entity/Q110655892>	"P571"	1840-01-01T00:00:00Z	9
<http://www.wikidata.org/entity/Q110509902>	"P571"	1840-01-01T00:00:00Z	9
<http://www.wikidata.org/entity/Q100327250>	"P571"	1840-01-01T00:00:00Z	9
<http://www.wikidata.org/entity/Q101584202>	"P571"	1840-01-01T00:00:00Z	9
<http://www.wikidata.org/entity/Q1921001>	"P571"	1840-01-01T00:00:00Z	9
<http://www.wikidata.org/entity/Q28527945>	"P571"	1840-01-01T00:00:00Z	9
<http://www.wikidata.org/entity/Q97096114>	"P571"	1840-01-01T00:00:00Z	9
<http://www.wikidata.org/entity/Q56234907>	"P571"	1840-01-01T00:00:00Z	9
<http://www.wikidata.org/entity/Q33419726>	"P571"	1840-01-01T00:00:00Z	9
<http://www.wikidata.org/entity/Q135448652>	"P571"	1885-01-01T00:00:00Z	9
<http://www.wikidata.org/entity/Q137667164>	"P571"	1885-01-01T00:00:00Z	9
<http://www.wikidata.org/entity/Q18335307>	"P571"	1885-01-01T00:00:00Z	9
<http://www.wikidata.org/entity/Q2992673>	"P571"	1885-01-01T00:00:00Z	9
<http://www.wikidata.org/entity/Q137668098>	"P571"	1855-01-01T00:00:00Z	9
<http://www.wikidata.org/entity/Q10682106>	"P571"	1855-01-01T00:00:00Z	9
<http://www.wikidata.org/entity/Q12320687>	"P571"	1855-01-01T00:00:00Z	9
<http://www.wikidata.org/entity/Q127255889>	"P571"	1855-01-01T00:00:00Z	9
<http://www.wikidata.org/entity/Q112304086>	"P571"	1855-01-01T00:00:00Z	9
<http://www.wikidata.org/entity/Q24254383>	"P571"	1855-01-01T00:00:00Z	9
<http://www.wikidata.org/entity/Q2301420>	"P571"	1855-01-01T00:00:00Z	9
<http://www.wikidata.org/entity/Q2848085>	"P571"	1855-01-01T00:00:00Z	9
<http://www.wikidata.org/entity/Q2127481>	"P571"	1913-01-01T00:00:00Z	9
<http://www.wikidata.org/entity/Q10425279>	"P571"	1877-01-01T00:00:00Z	9
<http://www.wikidata.org/entity/Q97340186>	"P571"	1877-01-01T00:00:00Z	9
<http://www.wikidata.org/entity/Q3973820>	"P571"	1877-01-01T00:00:00Z	9
<http://www.wikidata.org/entity/Q116503061>	"P571"	1846-01-01T00:00:00Z	9
<http://www.wikidata.org/entity/Q137670664>	"P571"	1846-01-01T00:00:00Z	9
<http://www.wikidata.org/entity/Q2552977>	"P571"	1846-01-01T00:00:00Z	9
<http://www.wikidata.org/entity/Q33420758>	"P571"	1846-01-01T00:00:00Z	9
<http://www.wikidata.org/entity/Q76949044>	"P571"	1790-01-01T00:00:00Z	8
<http://www.wikidata.org/entity/Q12309458>	"P571"	1848-01-01T00:00:00Z	9
<http://www.wikidata.org/entity/Q116786338>	"P571"	1848-01-01T00:00:00Z	9
<http://www.wikidata.org/entity/Q101625417>	"P571"	1848-01-01T00:00:00Z	9
<http://www.wikidata.org/entity/Q137691758>	"P571"	1848-01-01T00:00:00Z	9
<http://www.wikidata.org/entity/Q2740348>	"P571"	1848-01-01T00:00:00Z	9
<http://www.wikidata.org/entity/Q2370629>	"P571"	1848-01-01T00:00:00Z	9
<http://www.wikidata.org/entity/Q49444984>	"P571"	1883-01-01T00:00:00Z	9
<http://www.wikidata.org/entity/Q49444804>	"P571"	1883-01-01T00:00:00Z	9
<http://www.wikidata.org/entity/Q49445155>	"P571"	1883-01-01T00:00:00Z	9
<http://www.wikidata.org/entity/Q126688906>	"P571"	1701-01-01T00:00:00Z	7
<http://www.wikidata.org/entity/Q26656288>	"P571"	1701-01-01T00:00:00Z	7
<http://www.wikidata.org/entity/Q117847905>	"P571"	1700-01-01T00:00:00Z	9
<http://www.wikidata.org/entity/Q13439353>	"P571"	1350-01-01T00:00:00Z	7
<http://www.wikidata.org/entity/Q7361434>	"P571"	1772-01-01T00:00:00Z	9
<http://www.wikidata.org/entity/Q60609216>	"P571"	1772-01-01T00:00:00Z	9
<http://www.wikidata.org/entity/Q134777053>	"P571"	1773-01-01T00:00:00Z	9
<http://www.wikidata.org/entity/Q2528732>	"P571"	1773-01-01T00:00:00Z	9
<http://www.wikidata.org/entity/Q77078961>	"P571"	1773-01-01T00:00:00Z	9
<http://www.wikidata.org/entity/Q2375049>	"P571"	1780-01-01T00:00:00Z	9
<http://www.wikidata.org/entity/Q3929533>	"P571"	1780-01-01T00:00:00Z	9
<http://www.wikidata.org/entity/Q92101131>	"P571"	1780-01-01T00:00:00Z	9
<http://www.wikidata.org/entity/Q32134644>	"P571"	1896-01-01T00:00:00Z	9
<http://www.wikidata.org/entity/Q126714576>	"P571"	1819-01-01T00:00:00Z	7
<http://www.wikidata.org/entity/Q126711027>	"P571"	1819-01-01T00:00:00Z	7
<http://www.wikidata.org/entity/Q126715055>	"P571"	1819-01-01T00:00:00Z	7
<http://www.wikidata.org/entity/Q49444280>	"P571"	1842-01-01T00:00:00Z	9
<http://www.wikidata.org/entity/Q135716310>	"P571"	1900-01-01T00:00:00Z	7
<http://www.wikidata.org/entity/Q133663698>	"P571"	1900-01-01T00:00:00Z	7
<http://www.wikidata.org/entity/Q133826846>	"P571"	1900-01-01T00:00:00Z	7
<http://www.wikidata.org/entity/Q133854064>	"P571"	1900-01-01T00:00:00Z	7
<http://www.wikidata.org/entity/Q133930699>	"P571"	1900-01-01T00:00:00Z	7
<http://www.wikidata.org/entity/Q132398832>	"P571"	1900-01-01T00:00:00Z	7
<http://www.wikidata.org/entity/Q137685997>	"P571"	1900-01-01T00:00:00Z	7
<http://www.wikidata.org/entity/Q12003482>	"P571"	1900-01-01T00:00:00Z	7
<http://www.wikidata.org/entity/Q118265129>	"P571"	1900-01-01T00:00:00Z	7
<http://www.wikidata.org/entity/Q100999132>	"P571"	1900-01-01T00:00:00Z	7
<http://www.wikidata.org/entity/Q112115393>	"P571"	1900-01-01T00:00:00Z	7
<http://www.wikidata.org/entity/Q10856755>	"P571"	1900-01-01T00:00:00Z	7
<http://www.wikidata.org/entity/Q10350880>	"P571"	1900-01-01T00:00:00Z	7
<http://www.wikidata.org/entity/Q27524313>	"P571"	1900-01-01T00:00:00Z	7
<http://www.wikidata.org/entity/Q18004866>	"P571"	1900-01-01T00:00:00Z	7
<http://www.wikidata.org/entity/Q98381928>	"P571"	1900-01-01T00:00:00Z	7
<http://www.wikidata.org/entity/Q47188571>	"P571"	1900-01-01T00:00:00Z	7
<http://www.wikidata.org/entity/Q49445142>	"P571"	1900-01-01T00:00:00Z	7
<http://www.wikidata.org/entity/Q97373567>	"P571"	1900-01-01T00:00:00Z	7
<http://www.wikidata.org/entity/Q68020517>	"P571"	1900-01-01T00:00:00Z	7
<http://www.wikidata.org/entity/Q79035784>	"P571"	1900-01-01T00:00:00Z	7
<http://www.wikidata.org/entity/Q77579236>	"P571"	1900-01-01T00:00:00Z	7
<http://www.wikidata.org/entity/Q60167051>	"P571"	1900-01-01T00:00:00Z	7
<http://www.wikidata.org/entity/Q121095902>	"P571"	1769-01-01T00:00:00Z	9
<http://www.wikidata.org/entity/Q49453338>	"P571"	1876-01-01T00:00:00Z	9
<http://www.wikidata.org/entity/Q49453423>	"P571"	1876-01-01T00:00:00Z	9
<http://www.wikidata.org/entity/Q49444408>	"P571"	1876-01-01T00:00:00Z	9
<http://www.wikidata.org/entity/Q49368966>	"P571"	1876-01-01T00:00:00Z	9
<http://www.wikidata.org/entity/Q30076916>	"P571"	1671-01-01T00:00:00Z	9
<http://www.wikidata.org/entity/Q16324285>	"P571"	1789-01-01T00:00:00Z	9
<http://www.wikidata.org/entity/Q115160126>	"P571"	1707-01-01T00:00:00Z	9
<http://www.wikidata.org/entity/Q27080323>	"P571"	1707-01-01T00:00:00Z	9
<http://www.wikidata.org/entity/Q65552918>	"P571"	1707-01-01T00:00:00Z	9
<http://www.wikidata.org/entity/Q30079254>	"P571"	1845-01-01T00:00:00Z	9
<http://www.wikidata.org/entity/Q134324139>	"P571"	1838-01-01T00:00:00Z	9
<http://www.wikidata.org/entity/Q134355728>	"P571"	1838-01-01T00:00:00Z	9
<http://www.wikidata.org/entity/Q15955254>	"P571"	1838-01-01T00:00:00Z	9
<http://www.wikidata.org/entity/Q37024683>	"P571"	1838-01-01T00:00:00Z	9
<http://www.wikidata.org/entity/Q7593998>	"P571"	1760-01-01T00:00:00Z	9
<http://www.wikidata.org/entity/Q110259406>	"P571"	1720-01-01T00:00:00Z	9
<http://www.wikidata.org/entity/Q10856755>	"P1249"	1833-01-01T00:00:00Z	9
<http://www.wikidata.org/entity/Q87332544>	"P571"	1833-01-01T00:00:00Z	9
<http://www.wikidata.org/entity/Q2713592>	"P571"	1776-01-01T00:00:00Z	9
<http://www.wikidata.org/entity/Q140504866>	"P571"	1776-01-01T00:00:00Z	9
<http://www.wikidata.org/entity/Q55598675>	"P571"	1776-01-01T00:00:00Z	9
<http://www.wikidata.org/entity/Q69945606>	"P571"	1776-01-01T00:00:00Z	9
<http://www.wikidata.org/entity/Q131539581>	"P571"	1817-01-01T00:00:00Z	9
<http://www.wikidata.org/entity/Q115409642>	"P571"	1817-01-01T00:00:00Z	9
<http://www.wikidata.org/entity/Q111663924>	"P571"	1817-01-01T00:00:00Z	9
<http://www.wikidata.org/entity/Q7594196>	"P571"	1817-01-01T00:00:00Z	9
<http://www.wikidata.org/entity/Q49444987>	"P571"	1846-01-01T00:00:00Z	9
<http://www.wikidata.org/entity/Q10350881>	"P571"	1898-01-01T00:00:00Z	9
<http://www.wikidata.org/entity/Q1609640>	"P571"	1898-01-01T00:00:00Z	9
<http://www.wikidata.org/entity/Q11720826>	"P571"	1845-01-01T00:00:00Z	9
<http://www.wikidata.org/entity/Q123014337>	"P571"	1845-01-01T00:00:00Z	9
<http://www.wikidata.org/entity/Q111674965>	"P571"	1845-01-01T00:00:00Z	9
<http://www.wikidata.org/entity/Q2183592>	"P571"	1845-01-01T00:00:00Z	9
<http://www.wikidata.org/entity/Q27958969>	"P571"	1845-01-01T00:00:00Z	9
<http://www.wikidata.org/entity/Q49596946>	"P571"	1860-01-01T00:00:00Z	9
<http://www.wikidata.org/entity/Q122979768>	"P571"	1696-01-01T00:00:00Z	9
<http://www.wikidata.org/entity/Q1848078>	"P571"	1696-01-01T00:00:00Z	9
<http://www.wikidata.org/entity/Q49408551>	"P571"	1856-01-01T00:00:00Z	9
<http://www.wikidata.org/entity/Q49450754>	"P571"	1856-01-01T00:00:00Z	9
<http://www.wikidata.org/entity/Q28836115>	"P571"	1641-01-01T00:00:00Z	9
<http://www.wikidata.org/entity/Q2490097>	"P571"	1641-01-01T00:00:00Z	9
<http://www.wikidata.org/entity/Q138790494>	"P571"	1685-01-01T00:00:00Z	9
<http://www.wikidata.org/entity/Q4311188>	"P571"	1685-01-01T00:00:00Z	9
<http://www.wikidata.org/entity/Q10496191>	"P571"	1868-01-01T00:00:00Z	9
<http://www.wikidata.org/entity/Q110017244>	"P571"	1868-01-01T00:00:00Z	9
<http://www.wikidata.org/entity/Q137675155>	"P571"	1868-01-01T00:00:00Z	9
<http://www.wikidata.org/entity/Q137691513>	"P571"	1868-01-01T00:00:00Z	9
<http://www.wikidata.org/entity/Q96868411>	"P571"	1868-01-01T00:00:00Z	9
<http://www.wikidata.org/entity/Q20599275>	"P571"	1828-01-01T00:00:00Z	9
<http://www.wikidata.org/entity/Q1805620>	"P571"	1828-01-01T00:00:00Z	9
<http://www.wikidata.org/entity/Q92104397>	"P571"	1828-01-01T00:00:00Z	9
<http://www.wikidata.org/entity/Q49444908>	"P571"	1886-01-01T00:00:00Z	9
<http://www.wikidata.org/entity/Q49448070>	"P571"	1886-01-01T00:00:00Z	9
<http://www.wikidata.org/entity/Q1549824>	"P571"	1912-01-01T00:00:00Z	9
<http://www.wikidata.org/entity/Q107343823>	"P571"	1531-01-01T00:00:00Z	9
<http://www.wikidata.org/entity/Q30136093>	"P571"	1875-01-01T00:00:00Z	9
<http://www.wikidata.org/entity/Q32179545>	"P571"	1760-01-01T00:00:00Z	9
<http://www.wikidata.org/entity/Q1980872>	"P571"	1867-01-01T00:00:00Z	9
<http://www.wikidata.org/entity/Q49464740>	"P571"	1899-01-01T00:00:00Z	9
<http://www.wikidata.org/entity/Q100708764>	"P571"	1854-01-01T00:00:00Z	9
<http://www.wikidata.org/entity/Q2134343>	"P571"	1854-01-01T00:00:00Z	9
<http://www.wikidata.org/entity/Q137687344>	"P571"	1854-01-01T00:00:00Z	9
<http://www.wikidata.org/entity/Q16324427>	"P571"	1854-01-01T00:00:00Z	9
<http://www.wikidata.org/entity/Q66988162>	"P571"	1854-01-01T00:00:00Z	9
<http://www.wikidata.org/entity/Q491738>	"P571"	1854-01-01T00:00:00Z	9
<http://www.wikidata.org/entity/Q56188021>	"P571"	1854-01-01T00:00:00Z	9
<http://www.wikidata.org/entity/Q67145710>	"P571"	1100-01-01T00:00:00Z	7
<http://www.wikidata.org/entity/Q12269607>	"P571"	1896-01-01T00:00:00Z	9
<http://www.wikidata.org/entity/Q135752452>	"P571"	1896-01-01T00:00:00Z	9
<http://www.wikidata.org/entity/Q137674818>	"P571"	1896-01-01T00:00:00Z	9
<http://www.wikidata.org/entity/Q6737446>	"P571"	1896-01-01T00:00:00Z	9
<http://www.wikidata.org/entity/Q123059129>	"P571"	1788-01-01T00:00:00Z	9
<http://www.wikidata.org/entity/Q78647439>	"P571"	1788-01-01T00:00:00Z	9
<http://www.wikidata.org/entity/Q33144333>	"P571"	1903-01-01T00:00:00Z	9
<http://www.wikidata.org/entity/Q55425132>	"P571"	1903-01-01T00:00:00Z	9
<http://www.wikidata.org/entity/Q2221368>	"P571"	1856-01-01T00:00:00Z	9
<http://www.wikidata.org/entity/Q5350121>	"P571"	1816-01-01T00:00:00Z	9
<http://www.wikidata.org/entity/Q2601444>	"P571"	1650-01-01T00:00:00Z	9
<http://www.wikidata.org/entity/Q30180059>	"P571"	1650-01-01T00:00:00Z	9
<http://www.wikidata.org/entity/Q33384163>	"P571"	1913-01-01T00:00:00Z	9
<http://www.wikidata.org/entity/Q111812779>	"P571"	1602-01-01T00:00:00Z	9
<http://www.wikidata.org/entity/Q21848498>	"P571"	1839-01-01T00:00:00Z	9
<http://www.wikidata.org/entity/Q110411596>	"P571"	1745-01-01T00:00:00Z	9
<http://www.wikidata.org/entity/Q2604324>	"P571"	1745-01-01T00:00:00Z	9
<http://www.wikidata.org/entity/Q62070532>	"P571"	1745-01-01T00:00:00Z	9
<http://www.wikidata.org/entity/Q33025458>	"P571"	1705-01-01T00:00:00Z	9
<http://www.wikidata.org/entity/Q111827743>	"P571"	1708-01-01T00:00:00Z	9
<http://www.wikidata.org/entity/Q21176092>	"P571"	1892-01-01T00:00:00Z	9
<http://www.wikidata.org/entity/Q16323152>	"P571"	1892-01-01T00:00:00Z	9
<http://www.wikidata.org/entity/Q16411826>	"P571"	1892-01-01T00:00:00Z	9
<http://www.wikidata.org/entity/Q4289954>	"P571"	1892-01-01T00:00:00Z	9
<http://www.wikidata.org/entity/Q50348747>	"P571"	1560-01-01T00:00:00Z	8
<http://www.wikidata.org/entity/Q113368844>	"P571"	1825-01-01T00:00:00Z	9
<http://www.wikidata.org/entity/Q37421676>	"P571"	1825-01-01T00:00:00Z	9
<http://www.wikidata.org/entity/Q30136251>	"P571"	1764-01-01T00:00:00Z	9
<http://www.wikidata.org/entity/Q55024013>	"P571"	1890-01-01T00:00:00Z	9
<http://www.wikidata.org/entity/Q137661671>	"P571"	1576-01-01T00:00:00Z	9
<http://www.wikidata.org/entity/Q4878573>	"P571"	1629-01-01T00:00:00Z	9
<http://www.wikidata.org/entity/Q49445517>	"P571"	1831-01-01T00:00:00Z	9
<http://www.wikidata.org/entity/Q115497922>	"P571"	1889-01-01T00:00:00Z	9
<http://www.wikidata.org/entity/Q137670341>	"P571"	1889-01-01T00:00:00Z	9
<http://www.wikidata.org/entity/Q58394308>	"P571"	1889-01-01T00:00:00Z	9
<http://www.wikidata.org/entity/Q52776920>	"P571"	1889-01-01T00:00:00Z	9
<http://www.wikidata.org/entity/Q37448592>	"P571"	1889-01-01T00:00:00Z	9
<http://www.wikidata.org/entity/Q2604562>	"P571"	1897-01-01T00:00:00Z	9
<http://www.wikidata.org/entity/Q62844714>	"P571"	1897-01-01T00:00:00Z	9
<http://www.wikidata.org/entity/Q94579314>	"P571"	1897-01-01T00:00:00Z	9
<http://www.wikidata.org/entity/Q97377001>	"P571"	1897-01-01T00:00:00Z	9
<http://www.wikidata.org/entity/Q133504006>	"P571"	1911-01-01T00:00:00Z	9
<http://www.wikidata.org/entity/Q22679732>	"P571"	1911-01-01T00:00:00Z	9
<http://www.wikidata.org/entity/Q30037840>	"P571"	1887-01-01T00:00:00Z	9
<http://www.wikidata.org/entity/Q16614720>	"P571"	1887-01-01T00:00:00Z	9
<http://www.wikidata.org/entity/Q16614720>	"P571"	1887-01-01T00:00:00Z	9
<http://www.wikidata.org/entity/Q33000929>	"P571"	1803-01-01T00:00:00Z	9
<http://www.wikidata.org/entity/Q45900903>	"P571"	1803-01-01T00:00:00Z	9
<http://www.wikidata.org/entity/Q137670459>	"P571"	1865-01-01T00:00:00Z	9
<http://www.wikidata.org/entity/Q12062258>	"P571"	1865-01-01T00:00:00Z	9
<http://www.wikidata.org/entity/Q137670675>	"P571"	1865-01-01T00:00:00Z	9
<http://www.wikidata.org/entity/Q112740674>	"P571"	1865-01-01T00:00:00Z	9
<http://www.wikidata.org/entity/Q134721334>	"P571"	1865-01-01T00:00:00Z	9
<http://www.wikidata.org/entity/Q31732893>	"P571"	1865-01-01T00:00:00Z	9
<http://www.wikidata.org/entity/Q2367704>	"P571"	1865-01-01T00:00:00Z	9
<http://www.wikidata.org/entity/Q2383039>	"P571"	1865-01-01T00:00:00Z	9
<http://www.wikidata.org/entity/Q22679903>	"P571"	1865-01-01T00:00:00Z	9
<http://www.wikidata.org/entity/Q2616279>	"P571"	1865-01-01T00:00:00Z	9
<http://www.wikidata.org/entity/Q55117223>	"P571"	1865-01-01T00:00:00Z	9
<http://www.wikidata.org/entity/Q33426302>	"P571"	1865-01-01T00:00:00Z	9
<http://www.wikidata.org/entity/Q2371955>	"P571"	1692-01-01T00:00:00Z	9
<http://www.wikidata.org/entity/Q49444537>	"P571"	1732-01-01T00:00:00Z	9
<http://www.wikidata.org/entity/Q115137798>	"P571"	1703-01-01T00:00:00Z	9
<http://www.wikidata.org/entity/Q115160363>	"P571"	1703-01-01T00:00:00Z	9
<http://www.wikidata.org/entity/Q49445095>	"P571"	1760-01-01T00:00:00Z	9
<http://www.wikidata.org/entity/Q140420028>	"P571"	1888-01-01T00:00:00Z	9
<http://www.wikidata.org/entity/Q1941624>	"P571"	1888-01-01T00:00:00Z	9
<http://www.wikidata.org/entity/Q25375119>	"P571"	1888-01-01T00:00:00Z	9
<http://www.wikidata.org/entity/Q16856550>	"P571"	1804-01-01T00:00:00Z	9
<http://www.wikidata.org/entity/Q5428108>	"P571"	1804-01-01T00:00:00Z	9
<http://www.wikidata.org/entity/Q42171637>	"P571"	1804-01-01T00:00:00Z	9
<http://www.wikidata.org/entity/Q2183007>	"P571"	1908-01-01T00:00:00Z	9
<http://www.wikidata.org/entity/Q26910871>	"P571"	1908-01-01T00:00:00Z	9
<http://www.wikidata.org/entity/Q3498391>	"P571"	1908-01-01T00:00:00Z	9
<http://www.wikidata.org/entity/Q2618407>	"P571"	1811-01-01T00:00:00Z	9
<http://www.wikidata.org/entity/Q137670242>	"P571"	1743-01-01T00:00:00Z	9
<http://www.wikidata.org/entity/Q7825879>	"P571"	1743-01-01T00:00:00Z	9
<http://www.wikidata.org/entity/Q22670075>	"P571"	1843-01-01T00:00:00Z	9
<http://www.wikidata.org/entity/Q3256374>	"P571"	1620-01-01T00:00:00Z	9
<http://www.wikidata.org/entity/Q5288114>	"P571"	1620-01-01T00:00:00Z	9
<http://www.wikidata.org/entity/Q31917863>	"P571"	1810-01-01T00:00:00Z	9
<http://www.wikidata.org/entity/Q132398881>	"P571"	1820-01-01T00:00:00Z	8
<http://www.wikidata.org/entity/Q132988657>	"P571"	1820-01-01T00:00:00Z	8
<http://www.wikidata.org/entity/Q12003441>	"P571"	1837-01-01T00:00:00Z	9
<http://www.wikidata.org/entity/Q23808155>	"P571"	1837-01-01T00:00:00Z	9
<http://www.wikidata.org/entity/Q138109635>	"P571"	1837-01-01T00:00:00Z	9
<http://www.wikidata.org/entity/Q64923105>	"P571"	1837-01-01T00:00:00Z	9
<http://www.wikidata.org/entity/Q51846297>	"P571"	1814-01-01T00:00:00Z	9
<http://www.wikidata.org/entity/Q127417780>	"P571"	1726-01-01T00:00:00Z	9
<http://www.wikidata.org/entity/Q3130407>	"P571"	1879-01-01T00:00:00Z	9
<http://www.wikidata.org/entity/Q2681084>	"P571"	1879-01-01T00:00:00Z	9
<http://www.wikidata.org/entity/Q2137802>	"P571"	1879-01-01T00:00:00Z	9
<http://www.wikidata.org/entity/Q16324123>	"P571"	1879-01-01T00:00:00Z	9
<http://www.wikidata.org/entity/Q87716604>	"P571"	1879-01-01T00:00:00Z	9
<http://www.wikidata.org/entity/Q58486598>	"P571"	1879-01-01T00:00:00Z	9
<http://www.wikidata.org/entity/Q114870439>	"P571"	1880-01-01T00:00:00Z	9
<http://www.wikidata.org/entity/Q137661147>	"P571"	1880-01-01T00:00:00Z	9
<http://www.wikidata.org/entity/Q114776900>	"P571"	1880-01-01T00:00:00Z	9
<http://www.wikidata.org/entity/Q107343897>	"P571"	1880-01-01T00:00:00Z	9
<http://www.wikidata.org/entity/Q134497853>	"P571"	1880-01-01T00:00:00Z	9
<http://www.wikidata.org/entity/Q101647288>	"P571"	1880-01-01T00:00:00Z	9
<http://www.wikidata.org/entity/Q137670692>	"P571"	1880-01-01T00:00:00Z	9
<http://www.wikidata.org/entity/Q137691693>	"P571"	1880-01-01T00:00:00Z	9
<http://www.wikidata.org/entity/Q137687258>	"P571"	1880-01-01T00:00:00Z	9
<http://www.wikidata.org/entity/Q33422365>	"P571"	1880-01-01T00:00:00Z	9
<http://www.wikidata.org/entity/Q49444562>	"P571"	1877-01-01T00:00:00Z	9
<http://www.wikidata.org/entity/Q49403691>	"P571"	1875-01-01T00:00:00Z	9
<http://www.wikidata.org/entity/Q137674875>	"P571"	1890-01-01T00:00:00Z	9
<http://www.wikidata.org/entity/Q22951686>	"P571"	1890-01-01T00:00:00Z	9
<http://www.wikidata.org/entity/Q27459731>	"P571"	1890-01-01T00:00:00Z	9
<http://www.wikidata.org/entity/Q2346221>	"P571"	1890-01-01T00:00:00Z	9
<http://www.wikidata.org/entity/Q16324948>	"P571"	1890-01-01T00:00:00Z	9
<http://www.wikidata.org/entity/Q33397299>	"P571"	1854-01-01T00:00:00Z	9
<http://www.wikidata.org/entity/Q115479597>	"P571"	1818-01-01T00:00:00Z	9
<http://www.wikidata.org/entity/Q130548391>	"P571"	1818-01-01T00:00:00Z	9
<http://www.wikidata.org/entity/Q137757513>	"P571"	1818-01-01T00:00:00Z	9
<http://www.wikidata.org/entity/Q60575612>	"P571"	1818-01-01T00:00:00Z	9
<http://www.wikidata.org/entity/Q19931185>	"P571"	1824-01-01T00:00:00Z	9
<http://www.wikidata.org/entity/Q16325013>	"P571"	1824-01-01T00:00:00Z	9
<http://www.wikidata.org/entity/Q2950516>	"P571"	1824-01-01T00:00:00Z	9
<http://www.wikidata.org/entity/Q10677589>	"P571"	1805-01-01T00:00:00Z	9
<http://www.wikidata.org/entity/Q120499603>	"P571"	1805-01-01T00:00:00Z	9
<http://www.wikidata.org/entity/Q112762728>	"P571"	1805-01-01T00:00:00Z	9
<http://www.wikidata.org/entity/Q20709565>	"P571"	1805-01-01T00:00:00Z	9
<http://www.wikidata.org/entity/Q2481967>	"P571"	1693-01-01T00:00:00Z	9
<http://www.wikidata.org/entity/Q60609210>	"P571"	1693-01-01T00:00:00Z	9
<http://www.wikidata.org/entity/Q10671648>	"P571"	1851-01-01T00:00:00Z	9
<http://www.wikidata.org/entity/Q2371491>	"P571"	1851-01-01T00:00:00Z	9
<http://www.wikidata.org/entity/Q3611008>	"P571"	1851-01-01T00:00:00Z	9
<http://www.wikidata.org/entity/Q115615742>	"P571"	1794-01-01T00:00:00Z	9
<http://www.wikidata.org/entity/Q3325825>	"P571"	1794-01-01T00:00:00Z	9
<http://www.wikidata.org/entity/Q2677862>	"P571"	1638-01-01T00:00:00Z	9
<http://www.wikidata.org/entity/Q49450227>	"P571"	1866-01-01T00:00:00Z	9
<http://www.wikidata.org/entity/Q16323832>	"P571"	1730-01-01T00:00:00Z	9
<http://www.wikidata.org/entity/Q131313893>	"P571"	1762-01-01T00:00:00Z	9
<http://www.wikidata.org/entity/Q133895619>	"P571"	1729-01-01T00:00:00Z	9
<http://www.wikidata.org/entity/Q49407711>	"P571"	1733-01-01T00:00:00Z	9
<http://www.wikidata.org/entity/Q33013981>	"P571"	1676-01-01T00:00:00Z	9
<http://www.wikidata.org/entity/Q12335602>	"P571"	1895-01-01T00:00:00Z	9
<http://www.wikidata.org/entity/Q4945939>	"P571"	1895-01-01T00:00:00Z	9
<http://www.wikidata.org/entity/Q18552244>	"P571"	1829-01-01T00:00:00Z	9
<http://www.wikidata.org/entity/Q2232387>	"P571"	1829-01-01T00:00:00Z	9
<http://www.wikidata.org/entity/Q65034894>	"P571"	1829-01-01T00:00:00Z	9
<http://www.wikidata.org/entity/Q49445103>	"P571"	1844-01-01T00:00:00Z	9
<http://www.wikidata.org/entity/Q106675985>	"P571"	1775-01-01T00:00:00Z	9
<http://www.wikidata.org/entity/Q106500902>	"P571"	1775-01-01T00:00:00Z	9
<http://www.wikidata.org/entity/Q108544993>	"P571"	1831-01-01T00:00:00Z	9
<http://www.wikidata.org/entity/Q123597987>	"P571"	1831-01-01T00:00:00Z	9
<http://www.wikidata.org/entity/Q57548329>	"P571"	1831-01-01T00:00:00Z	9
<http://www.wikidata.org/entity/Q104628342>	"P571"	1909-01-01T00:00:00Z	9
<http://www.wikidata.org/entity/Q134444339>	"P571"	1909-01-01T00:00:00Z	9
<http://www.wikidata.org/entity/Q15955220>	"P571"	1909-01-01T00:00:00Z	9
<http://www.wikidata.org/entity/Q51854361>	"P571"	1885-01-01T00:00:00Z	9
<http://www.wikidata.org/entity/Q49445757>	"P571"	1838-01-01T00:00:00Z	9
<http://www.wikidata.org/entity/Q49438842>	"P571"	1838-01-01T00:00:00Z	9
<http://www.wikidata.org/entity/Q131841172>	"P571"	1872-01-01T00:00:00Z	9
<http://www.wikidata.org/entity/Q137670713>	"P571"	1872-01-01T00:00:00Z	9
<http://www.wikidata.org/entity/Q24249820>	"P571"	1872-01-01T00:00:00Z	9
<http://www.wikidata.org/entity/Q27670987>	"P571"	1872-01-01T00:00:00Z	9
<http://www.wikidata.org/entity/Q23817369>	"P571"	1872-01-01T00:00:00Z	9
<http://www.wikidata.org/entity/Q16514223>	"P571"	1872-01-01T00:00:00Z	9
<http://www.wikidata.org/entity/Q42169723>	"P571"	1872-01-01T00:00:00Z	9
<http://www.wikidata.org/entity/Q2605654>	"P571"	1736-01-01T00:00:00Z	9
<http://www.wikidata.org/entity/Q37788572>	"P571"	1736-01-01T00:00:00Z	9
<http://www.wikidata.org/entity/Q10655542>	"P571"	1670-01-01T00:00:00Z	9
<http://www.wikidata.org/entity/Q49445471>	"P571"	1790-01-01T00:00:00Z	9
<http://www.wikidata.org/entity/Q33260238>	"P571"	1890-01-01T00:00:00Z	9
<http://www.wikidata.org/entity/Q33139578>	"P571"	1777-01-01T00:00:00Z	9
<http://www.wikidata.org/entity/Q32147574>	"P571"	1747-01-01T00:00:00Z	9
<http://www.wikidata.org/entity/Q22667350>	"P571"	1874-01-01T00:00:00Z	8
<http://www.wikidata.org/entity/Q30079962>	"P571"	1867-01-01T00:00:00Z	9
<http://www.wikidata.org/entity/Q2193864>	"P571"	1644-01-01T00:00:00Z	9
<http://www.wikidata.org/entity/Q112602221>	"P571"	1857-01-01T00:00:00Z	9
<http://www.wikidata.org/entity/Q16323753>	"P571"	1857-01-01T00:00:00Z	9
<http://www.wikidata.org/entity/Q17448078>	"P571"	1857-01-01T00:00:00Z	9
<http://www.wikidata.org/entity/Q5024274>	"P571"	1857-01-01T00:00:00Z	9
<http://www.wikidata.org/entity/Q7651629>	"P571"	1857-01-01T00:00:00Z	9
<http://www.wikidata.org/entity/Q115137798>	"P571"	1673-01-01T00:00:00Z	9
<http://www.wikidata.org/entity/Q15220158>	"P571"	1852-01-01T00:00:00Z	9
<http://www.wikidata.org/entity/Q3119432>	"P571"	1791-01-01T00:00:00Z	9
<http://www.wikidata.org/entity/Q92175572>	"P571"	1791-01-01T00:00:00Z	9
<http://www.wikidata.org/entity/Q92175572>	"P571"	1791-01-01T00:00:00Z	9
<http://www.wikidata.org/entity/Q33084058>	"P571"	1815-01-01T00:00:00Z	9
<http://www.wikidata.org/entity/Q33001509>	"P571"	1726-01-01T00:00:00Z	9
<http://www.wikidata.org/entity/Q49452151>	"P571"	1837-01-01T00:00:00Z	9
<http://www.wikidata.org/entity/Q12303693>	"P571"	1860-01-01T00:00:00Z	9
<http://www.wikidata.org/entity/Q137670321>	"P571"	1860-01-01T00:00:00Z	9
<http://www.wikidata.org/entity/Q115868904>	"P571"	1860-01-01T00:00:00Z	9
<http://www.wikidata.org/entity/Q135440515>	"P571"	1860-01-01T00:00:00Z	9
<http://www.wikidata.org/entity/Q11892269>	"P571"	1860-01-01T00:00:00Z	9
<http://www.wikidata.org/entity/Q137923833>	"P571"	1860-01-01T00:00:00Z	9
<http://www.wikidata.org/entity/Q140668342>	"P571"	1860-01-01T00:00:00Z	9
<http://www.wikidata.org/entity/Q3268525>	"P571"	1860-01-01T00:00:00Z	9
<http://www.wikidata.org/entity/Q137687533>	"P571"	1860-01-01T00:00:00Z	9
<http://www.wikidata.org/entity/Q137686141>	"P571"	1860-01-01T00:00:00Z	9
<http://www.wikidata.org/entity/Q16324892>	"P571"	1860-01-01T00:00:00Z	9
<http://www.wikidata.org/entity/Q22413866>	"P571"	1860-01-01T00:00:00Z	9
<http://www.wikidata.org/entity/Q2205374>	"P571"	1860-01-01T00:00:00Z	9
<http://www.wikidata.org/entity/Q58393792>	"P571"	1860-01-01T00:00:00Z	9
<http://www.wikidata.org/entity/Q113547324>	"P571"	1787-01-01T00:00:00Z	9
<http://www.wikidata.org/entity/Q120328290>	"P571"	1787-01-01T00:00:00Z	9
<http://www.wikidata.org/entity/Q5347738>	"P571"	1787-01-01T00:00:00Z	9
<http://www.wikidata.org/entity/Q97130279>	"P571"	1787-01-01T00:00:00Z	9
<http://www.wikidata.org/entity/Q49259698>	"P571"	1892-01-01T00:00:00Z	9
<http://www.wikidata.org/entity/Q131539522>	"P571"	1459-01-01T00:00:00Z	9
<http://www.wikidata.org/entity/Q49278614>	"P571"	1850-01-01T00:00:00Z	9
<http://www.wikidata.org/entity/Q49279588>	"P571"	1850-01-01T00:00:00Z	9
<http://www.wikidata.org/entity/Q49445045>	"P571"	1850-01-01T00:00:00Z	9
<http://www.wikidata.org/entity/Q49394954>	"P571"	1850-01-01T00:00:00Z	9
<http://www.wikidata.org/entity/Q2552675>	"P571"	1801-01-01T00:00:00Z	9
<http://www.wikidata.org/entity/Q2044244>	"P571"	1656-01-01T00:00:00Z	9
<http://www.wikidata.org/entity/Q49450834>	"P571"	1801-01-01T00:00:00Z	9
<http://www.wikidata.org/entity/Q49590881>	"P571"	1801-01-01T00:00:00Z	9
<http://www.wikidata.org/entity/Q49445400>	"P571"	1801-01-01T00:00:00Z	9
<http://www.wikidata.org/entity/Q49445745>	"P571"	1801-01-01T00:00:00Z	9
<http://www.wikidata.org/entity/Q33000586>	"P571"	1714-01-01T00:00:00Z	9
<http://www.wikidata.org/entity/Q33013749>	"P571"	1878-01-01T00:00:00Z	9
<http://www.wikidata.org/entity/Q124819603>	"P571"	1863-01-01T00:00:00Z	9
<http://www.wikidata.org/entity/Q131349655>	"P571"	1863-01-01T00:00:00Z	9
<http://www.wikidata.org/entity/Q12340155>	"P571"	1863-01-01T00:00:00Z	9
<http://www.wikidata.org/entity/Q137670800>	"P571"	1863-01-01T00:00:00Z	9
<http://www.wikidata.org/entity/Q132398138>	"P571"	1863-01-01T00:00:00Z	9
<http://www.wikidata.org/entity/Q1653866>	"P571"	1863-01-01T00:00:00Z	9
<http://www.wikidata.org/entity/Q25621748>	"P571"	1863-01-01T00:00:00Z	9
<http://www.wikidata.org/entity/Q1957282>	"P571"	1863-01-01T00:00:00Z	9
<http://www.wikidata.org/entity/Q18202025>	"P571"	0001-01-01T00:00:00Z	9
<http://www.wikidata.org/entity/Q1822734>	"P571"	1797-01-01T00:00:00Z	9
<http://www.wikidata.org/entity/Q61909329>	"P571"	1797-01-01T00:00:00Z	9
<http://www.wikidata.org/entity/Q137569237>	"P1249"	1755-01-01T00:00:00Z	9
<http://www.wikidata.org/entity/Q133980085>	"P1249"	1755-01-01T00:00:00Z	9
<http://www.wikidata.org/entity/Q133279093>	"P1249"	1755-01-01T00:00:00Z	9
<http://www.wikidata.org/entity/Q132669777>	"P1249"	1755-01-01T00:00:00Z	9
<http://www.wikidata.org/entity/Q130367192>	"P1249"	1755-01-01T00:00:00Z	9
<http://www.wikidata.org/entity/Q2009867>	"P571"	1755-01-01T00:00:00Z	9
<http://www.wikidata.org/entity/Q16863938>	"P1249"	1755-01-01T00:00:00Z	9
<http://www.wikidata.org/entity/Q133464293>	"P571"	1905-01-01T00:00:00Z	9
<http://www.wikidata.org/entity/Q110073810>	"P571"	1905-01-01T00:00:00Z	9
<http://www.wikidata.org/entity/Q62065183>	"P571"	1905-01-01T00:00:00Z	9
<http://www.wikidata.org/entity/Q89131539>	"P571"	1905-01-01T00:00:00Z	9
<http://www.wikidata.org/entity/Q2477154>	"P571"	1767-01-01T00:00:00Z	9
<http://www.wikidata.org/entity/Q2534242>	"P571"	1630-01-01T00:00:00Z	9
<http://www.wikidata.org/entity/Q134721290>	"P571"	1835-01-01T00:00:00Z	9
<http://www.wikidata.org/entity/Q16323837>	"P571"	1835-01-01T00:00:00Z	9
<http://www.wikidata.org/entity/Q2537502>	"P571"	1835-01-01T00:00:00Z	9
<http://www.wikidata.org/entity/Q3979901>	"P571"	1750-01-01T00:00:00Z	7
<http://www.wikidata.org/entity/Q115320160>	"P571"	1605-01-01T00:00:00Z	9
<http://www.wikidata.org/entity/Q114071868>	"P571"	1781-01-01T00:00:00Z	9
<http://www.wikidata.org/entity/Q49444374>	"P571"	1800-01-01T00:00:00Z	9
<http://www.wikidata.org/entity/Q49444383>	"P571"	1800-01-01T00:00:00Z	9
<http://www.wikidata.org/entity/Q1624959>	"P571"	1887-01-01T00:00:00Z	9
<http://www.wikidata.org/entity/Q110946557>	"P571"	1841-01-01T00:00:00Z	9
<http://www.wikidata.org/entity/Q110915353>	"P571"	1841-01-01T00:00:00Z	9
<http://www.wikidata.org/entity/Q86816884>	"P571"	1841-01-01T00:00:00Z	9
<http://www.wikidata.org/entity/Q113482299>	"P571"	1771-01-01T00:00:00Z	9
<http://www.wikidata.org/entity/Q477871>	"P571"	1771-01-01T00:00:00Z	9
<http://www.wikidata.org/entity/Q68097276>	"P571"	1771-01-01T00:00:00Z	9
<http://www.wikidata.org/entity/Q11721968>	"P571"	1739-01-01T00:00:00Z	9
<http://www.wikidata.org/entity/Q2554780>	"P571"	1739-01-01T00:00:00Z	9
<http://www.wikidata.org/entity/Q136296412>	"P571"	1874-01-01T00:00:00Z	9
<http://www.wikidata.org/entity/Q1826327>	"P571"	1874-01-01T00:00:00Z	9
<http://www.wikidata.org/entity/Q2788415>	"P571"	1874-01-01T00:00:00Z	9
<http://www.wikidata.org/entity/Q22338007>	"P571"	1874-01-01T00:00:00Z	9
<http://www.wikidata.org/entity/Q33323747>	"P571"	1874-01-01T00:00:00Z	9
<http://www.wikidata.org/entity/Q96623570>	"P571"	1874-01-01T00:00:00Z	9
<http://www.wikidata.org/entity/Q2533810>	"P571"	1600-01-01T00:00:00Z	9
<http://www.wikidata.org/entity/Q1624959>	"P571"	1982-01-01T00:00:00Z	9
<http://www.wikidata.org/entity/Q137667511>	"P571"	1882-01-01T00:00:00Z	9
<http://www.wikidata.org/entity/Q124789886>	"P571"	1882-01-01T00:00:00Z	9
<http://www.wikidata.org/entity/Q131743527>	"P571"	1882-01-01T00:00:00Z	9
<http://www.wikidata.org/entity/Q2562964>	"P571"	1882-01-01T00:00:00Z	9
<http://www.wikidata.org/entity/Q3287733>	"P571"	1882-01-01T00:00:00Z	9
<http://www.wikidata.org/entity/Q22341400>	"P571"	1882-01-01T00:00:00Z	9
<http://www.wikidata.org/entity/Q1615009>	"P571"	1882-01-01T00:00:00Z	9
<http://www.wikidata.org/entity/Q87574050>	"P571"	1882-01-01T00:00:00Z	9
<http://www.wikidata.org/entity/Q55115404>	"P571"	1882-01-01T00:00:00Z	9
<http://www.wikidata.org/entity/Q106555961>	"P571"	1904-01-01T00:00:00Z	9
<http://www.wikidata.org/entity/Q133253953>	"P571"	1904-01-01T00:00:00Z	9
<http://www.wikidata.org/entity/Q106032677>	"P571"	1904-01-01T00:00:00Z	9
<http://www.wikidata.org/entity/Q111029588>	"P571"	1904-01-01T00:00:00Z	9
<http://www.wikidata.org/entity/Q2000677>	"P571"	1904-01-01T00:00:00Z	9
<http://www.wikidata.org/entity/Q2184147>	"P571"	1904-01-01T00:00:00Z	9
<http://www.wikidata.org/entity/Q141068617>	"P571"	1904-01-01T00:00:00Z	9
<http://www.wikidata.org/entity/Q49445483>	"P571"	1823-01-01T00:00:00Z	9
<http://www.wikidata.org/entity/Q30130149>	"P571"	1765-01-01T00:00:00Z	9
<http://www.wikidata.org/entity/Q12302984>	"P571"	1849-01-01T00:00:00Z	9
<http://www.wikidata.org/entity/Q1378933>	"P571"	1849-01-01T00:00:00Z	9
<http://www.wikidata.org/entity/Q33418640>	"P571"	1849-01-01T00:00:00Z	9
<http://www.wikidata.org/entity/Q7658650>	"P571"	1849-01-01T00:00:00Z	9
<http://www.wikidata.org/entity/Q22344601>	"P571"	1850-01-01T00:00:00Z	8
<http://www.wikidata.org/entity/Q123476238>	"P571"	1779-01-01T00:00:00Z	9
<http://www.wikidata.org/entity/Q2763574>	"P571"	1779-01-01T00:00:00Z	9
<http://www.wikidata.org/entity/Q137760744>	"P571"	1709-01-01T00:00:00Z	9
<http://www.wikidata.org/entity/Q137760744>	"P571"	1709-01-01T00:00:00Z	9
<http://www.wikidata.org/entity/Q16324983>	"P571"	1860-01-01T00:00:00Z	8
<http://www.wikidata.org/entity/Q137644897>	"P571"	1662-01-01T00:00:00Z	9
<http://www.wikidata.org/entity/Q49453079>	"P571"	1781-01-01T00:00:00Z	9
<http://www.wikidata.org/entity/Q129520290>	"P571"	1259-01-01T00:00:00Z	9
<http://www.wikidata.org/entity/Q126716796>	"P571"	1779-01-01T00:00:00Z	7
<http://www.wikidata.org/entity/Q126714559>	"P571"	1779-01-01T00:00:00Z	7
<http://www.wikidata.org/entity/Q126714713>	"P571"	1779-01-01T00:00:00Z	7
<http://www.wikidata.org/entity/Q131394916>	"P571"	1901-01-01T00:00:00Z	7
<http://www.wikidata.org/entity/Q135656333>	"P571"	1901-01-01T00:00:00Z	7
<http://www.wikidata.org/entity/Q135656332>	"P571"	1901-01-01T00:00:00Z	7
<http://www.wikidata.org/entity/Q135301411>	"P571"	1901-01-01T00:00:00Z	7
<http://www.wikidata.org/entity/Q134490468>	"P571"	1901-01-01T00:00:00Z	7
<http://www.wikidata.org/entity/Q128481349>	"P571"	1901-01-01T00:00:00Z	7
<http://www.wikidata.org/entity/Q116361774>	"P571"	1901-01-01T00:00:00Z	7
<http://www.wikidata.org/entity/Q119705299>	"P571"	1901-01-01T00:00:00Z	7
<http://www.wikidata.org/entity/Q133884128>	"P571"	1901-01-01T00:00:00Z	7
<http://www.wikidata.org/entity/Q133875050>	"P571"	1901-01-01T00:00:00Z	7
<http://www.wikidata.org/entity/Q133822693>	"P571"	1901-01-01T00:00:00Z	7
<http://www.wikidata.org/entity/Q133796242>	"P571"	1901-01-01T00:00:00Z	7
<http://www.wikidata.org/entity/Q141156159>	"P571"	1901-01-01T00:00:00Z	7
<http://www.wikidata.org/entity/Q137768044>	"P571"	1901-01-01T00:00:00Z	7
<http://www.wikidata.org/entity/Q137768311>	"P571"	1901-01-01T00:00:00Z	7
<http://www.wikidata.org/entity/Q137768478>	"P571"	1901-01-01T00:00:00Z	7
<http://www.wikidata.org/entity/Q137769028>	"P571"	1901-01-01T00:00:00Z	7
<http://www.wikidata.org/entity/Q137801182>	"P571"	1901-01-01T00:00:00Z	7
<http://www.wikidata.org/entity/Q138843224>	"P571"	1901-01-01T00:00:00Z	7
<http://www.wikidata.org/entity/Q83490918>	"P571"	1901-01-01T00:00:00Z	7
<http://www.wikidata.org/entity/Q49445085>	"P571"	1799-01-01T00:00:00Z	9
<http://www.wikidata.org/entity/Q49445848>	"P571"	1806-01-01T00:00:00Z	9
<http://www.wikidata.org/entity/Q119930667>	"P571"	1826-01-01T00:00:00Z	9
<http://www.wikidata.org/entity/Q41331364>	"P571"	1826-01-01T00:00:00Z	9
<http://www.wikidata.org/entity/Q130011902>	"P571"	1880-01-01T00:00:00Z	8
<http://www.wikidata.org/entity/Q133981369>	"P571"	1880-01-01T00:00:00Z	8
<http://www.wikidata.org/entity/Q61768300>	"P571"	1880-01-01T00:00:00Z	8
<http://www.wikidata.org/entity/Q49450610>	"P571"	1853-01-01T00:00:00Z	9
<http://www.wikidata.org/entity/Q49445123>	"P571"	1751-01-01T00:00:00Z	9
<http://www.wikidata.org/entity/Q49444946>	"P571"	1751-01-01T00:00:00Z	9
<http://www.wikidata.org/entity/Q108907501>	"P571"	1790-01-01T00:00:00Z	9
<http://www.wikidata.org/entity/Q12316808>	"P571"	1790-01-01T00:00:00Z	9
<http://www.wikidata.org/entity/Q2469663>	"P571"	1790-01-01T00:00:00Z	9
<http://www.wikidata.org/entity/Q16324611>	"P571"	1790-01-01T00:00:00Z	9
<http://www.wikidata.org/entity/Q94579743>	"P571"	1749-01-01T00:00:00Z	9
<http://www.wikidata.org/entity/Q49445262>	"P571"	1891-01-01T00:00:00Z	9
<http://www.wikidata.org/entity/Q114441850>	"P571"	1758-01-01T00:00:00Z	9
<http://www.wikidata.org/entity/Q55599230>	"P571"	1829-01-01T00:00:00Z	9
<http://www.wikidata.org/entity/Q29042931>	"P571"	1669-01-01T00:00:00Z	9
<http://www.wikidata.org/entity/Q2246537>	"P571"	1674-01-01T00:00:00Z	9
<http://www.wikidata.org/entity/Q33014004>	"P571"	1794-01-01T00:00:00Z	9
<http://www.wikidata.org/entity/Q92103640>	"P571"	1827-01-01T00:00:00Z	9
<http://www.wikidata.org/entity/Q2588185>	"P571"	1654-01-01T00:00:00Z	9
<http://www.wikidata.org/entity/Q132560664>	"P571"	1795-01-01T00:00:00Z	9
<http://www.wikidata.org/entity/Q38093613>	"P571"	1795-01-01T00:00:00Z	9
<http://www.wikidata.org/entity/Q92105060>	"P571"	1795-01-01T00:00:00Z	9
<http://www.wikidata.org/entity/Q1474912>	"P571"	1828-01-01T00:00:00Z	9
<http://www.wikidata.org/entity/Q49445062>	"P571"	1828-01-01T00:00:00Z	9
<http://www.wikidata.org/entity/Q49445567>	"P571"	1807-01-01T00:00:00Z	9
<http://www.wikidata.org/entity/Q2402342>	"P571"	1299-01-01T00:00:00Z	9
<http://www.wikidata.org/entity/Q924480>	"P571"	1622-01-01T00:00:00Z	9
<http://www.wikidata.org/entity/Q1330536>	"P571"	1907-01-01T00:00:00Z	9
<http://www.wikidata.org/entity/Q5607500>	"P571"	1907-01-01T00:00:00Z	9
<http://www.wikidata.org/entity/Q49371452>	"P571"	1868-01-01T00:00:00Z	9
<http://www.wikidata.org/entity/Q49445404>	"P571"	1900-01-01T00:00:00Z	9
<http://www.wikidata.org/entity/Q33144210>	"P571"	1751-01-01T00:00:00Z	9
<http://www.wikidata.org/entity/Q133252390>	"P1249"	1614-06-21T00:00:00Z	11
<http://www.wikidata.org/entity/Q49445837>	"P571"	1825-01-01T00:00:00Z	9
<http://www.wikidata.org/entity/Q17986093>	"P571"	1796-01-01T00:00:00Z	9
